tile,route,label_E,label_N,rgb_E,rgb_N,dE,dN,in_contaminated_set
O2021_84_40_1_0039_00062718_7000_5000.tif,84-40,720574.0,6175220.0,720575.0,6175236.0,1.0,16.0,False
O2023_84_40_1_0141_00115833_4000_1000.tif,84-40,723151.0,6214169.0,723552.0,6214696.0,401.0,527.0,False
O2021_84_40_1_0038_00060845_4000_0.tif,84-40,719453.0,6176663.0,719555.0,6176649.0,102.0,-14.0,False
O2023_84_40_1_0146_00110505_3000_1000.tif,84-40,727062.0,6174939.0,726492.0,6175339.0,-570.0,400.0,False
O2021_83_26_1_0013_00001591_6000_1000.tif,83-26,479901.0,6168062.0,480001.0,6168492.0,100.0,430.0,False
O2023_84_40_1_0143_00113917_6000_6000.tif,84-40,724981.0,6175334.0,725286.0,6175168.0,305.0,-166.0,False
O2021_83_25_1_0027_00001531_3000_5000.tif,83-25,463491.0,6144017.0,462792.0,6143617.0,-699.0,-400.0,False
O2023_82_24_1_0013_00000577_11000_12000.tif,82-24,577235.0,6222756.0,576835.0,6222746.0,-400.0,-10.0,False
O2021_82_20_1_0024_00005078_12000_2000.tif,82-20,498258.0,6220367.0,497858.0,6220667.0,-400.0,300.0,True
O2021_82_19_1_0024_00005013_0_2000.tif,82-19,456006.0,6215071.0,455406.0,6215271.0,-600.0,200.0,False
O2021_83_25_1_0023_00001887_6000_6000.tif,83-25,459959.0,6143979.0,459556.0,6143243.0,-403.0,-736.0,False
O2021_82_19_1_0023_00005474_3000_4000.tif,82-19,454665.0,6216635.0,454967.0,6216481.0,302.0,-154.0,False
O2021_82_24_1_0022_00001738_10cm_7850_2000.tif,82-24,575284.0,6230706.0,575774.0,6231030.0,490.0,324.0,False
O2021_82_24_1_0020_00004288_4000_3000.tif,82-24,574216.0,6224935.0,574206.0,6224389.0,-10.0,-546.0,False
O2023_84_40_1_0143_00113921_3000_1000.tif,84-40,725286.0,6175168.0,724981.0,6175334.0,-305.0,166.0,False
O2021_83_25_1_0024_00001857_8000_5000.tif,83-25,460128.0,6141687.0,460626.0,6141523.0,498.0,-164.0,False
O2021_82_20_1_0023_00004974_16000_5000.tif,82-20,495840.0,6220577.0,496940.0,6220877.0,1100.0,300.0,True
O2021_83_25_1_0017_00002701_5000_4000.tif,83-25,453861.0,6162154.0,454156.0,6161505.0,295.0,-649.0,False
O2021_82_20_1_0023_00004975_12000_2000.tif,82-20,496937.0,6220345.0,496537.0,6220645.0,-400.0,300.0,True
O2021_83_26_1_0014_00001457_2000_3000.tif,83-26,481087.0,6166526.0,480487.0,6166826.0,-600.0,300.0,False
O2021_82_24_1_0020_00004290_2000_2000.tif,82-24,574008.0,6225150.0,574011.0,6224986.0,3.0,-164.0,False
O2021_84_40_1_0039_00062715_0_0.tif,84-40,720674.0,6175853.0,719874.0,6176053.0,-800.0,200.0,False
O2021_83_26_1_0012_00001783_5000_0.tif,83-26,478858.0,6168878.0,479061.0,6168646.0,203.0,-232.0,False
O2021_83_25_1_0027_00001534_2000_4000.tif,83-25,463294.0,6142486.0,462694.0,6142704.0,-600.0,218.0,False
O2021_83_25_1_0017_00002703_3000_4000.tif,83-25,453777.0,6162726.0,453969.0,6162175.0,192.0,-551.0,False
O2021_83_26_1_0012_00001778_7000_3000.tif,83-26,478863.0,6167302.0,479261.0,6166843.0,398.0,-459.0,False
O2021_83_25_1_0016_00002734_5000_1000.tif,83-25,453767.0,6161133.0,453269.0,6161767.0,-498.0,634.0,False
O2021_83_25_1_0024_00001851_4000_3000.tif,83-25,459815.0,6143302.0,460214.0,6143737.0,399.0,435.0,False
O2023_84_40_1_0136_00065241_5000_5000.tif,84-40,719594.0,6169724.0,719899.0,6168887.0,305.0,-837.0,False
O2021_84_40_1_0037_00084323_6000_0.tif,84-40,719769.0,6174784.0,719020.0,6176108.0,-749.0,1324.0,False
O2021_83_31_1_0041_00093603_4000_5000.tif,83-31,492685.0,6103750.0,492882.0,6103871.0,197.0,121.0,False
O2021_83_25_1_0023_00001891_4000_2000.tif,83-25,458957.0,6145120.0,459357.0,6144985.0,400.0,-135.0,False
O2021_83_26_1_0013_00001598_10000_0.tif,83-26,480325.0,6166187.0,480425.0,6166287.0,100.0,100.0,False
O2021_83_25_1_0024_00001849_3000_1000.tif,83-25,460718.0,6144409.0,460118.0,6144609.0,-600.0,200.0,False
O2023_84_40_1_0125_00092547_8730_1000.tif,84-40,711662.0,6185383.0,712036.0,6185908.0,374.0,525.0,False
O2021_83_26_1_0014_00001453_1000_1000.tif,83-26,480288.0,6165790.0,480385.0,6165562.0,97.0,-228.0,False
O2021_82_24_1_0023_00001728_10cm_0_2000.tif,82-24,575979.0,6231418.0,575578.0,6231057.0,-401.0,-361.0,False
O2021_83_25_1_0023_00001890_2000_5000.tif,83-25,459756.0,6144235.0,459156.0,6144348.0,-600.0,113.0,False
O2021_83_26_1_0012_00001785_10040_3000.tif,83-26,480404.0,6168957.0,479555.0,6169011.0,-849.0,54.0,False
O2021_82_22_1_0031_00000387_1000_5000.tif,82-22,529760.0,6222815.0,529861.0,6222470.0,101.0,-345.0,False
O2023_84_40_1_0141_00115830_1000_3000.tif,84-40,723853.0,6214525.0,723253.0,6214825.0,-600.0,300.0,False
O2021_83_26_1_0013_00001589_9000_4000.tif,83-26,480203.0,6168923.0,480304.0,6168941.0,101.0,18.0,False
O2021_82_13_1_0025_00144247_5000_2000.tif,82-13,506544.0,6237386.0,506119.0,6237543.0,-425.0,157.0,False
O2021_83_25_1_0024_00001848_2000_3000.tif,83-25,460619.0,6144446.0,460019.0,6144746.0,-600.0,300.0,False
O2021_83_25_1_0015_00003912_8000_4000.tif,83-25,453084.0,6162712.0,452724.0,6161951.0,-360.0,-761.0,False
O2021_83_31_1_0039_00123154_7000_6000.tif,83-31,491515.0,6104845.0,491717.0,6103739.0,202.0,-1106.0,False
O2021_84_40_1_0047_00073815_1000_4000.tif,84-40,725066.0,6176829.0,725064.0,6176216.0,-2.0,-613.0,False
O2021_83_25_1_0024_00001857_2000_2000.tif,83-25,460626.0,6141523.0,460026.0,6141823.0,-600.0,300.0,False
O2021_83_25_1_0024_00001858_3000_0.tif,83-25,460728.0,6141387.0,460128.0,6141687.0,-600.0,300.0,False
O2021_82_13_1_0024_00141742_8000_3000.tif,82-13,505430.0,6238433.0,505719.0,6238016.0,289.0,-417.0,False
O2021_83_31_1_0041_00093557_0_1000.tif,83-31,493181.0,6104694.0,492481.0,6104894.0,-700.0,200.0,False
O2021_82_13_1_0026_00144945_1000_1000.tif,82-13,506767.0,6241353.0,506465.0,6240945.0,-302.0,-408.0,False
O2021_83_25_1_0023_00001885_6000_2000.tif,83-25,459956.0,6142905.0,459558.0,6142971.0,-398.0,66.0,False
O2021_82_21_1_0005_00001868_0_1000.tif,82-21,498020.0,6220655.0,496820.0,6220755.0,-1200.0,100.0,True
O2021_83_25_1_0024_00001851_0_1000.tif,83-25,460214.0,6143737.0,459814.0,6143937.0,-400.0,200.0,False
O2021_84_40_1_0030_00064236_3000_3000.tif,84-40,714086.0,6177738.0,713686.0,6177334.0,-400.0,-404.0,False
O2023_84_40_1_0126_00090911_2000_5000.tif,84-40,712791.0,6186001.0,712122.0,6185601.0,-669.0,-400.0,False
O2021_82_24_1_0024_00005670_10cm_7900_1000.tif,82-24,576415.0,6227443.0,576996.0,6227073.0,581.0,-370.0,False
O2021_83_25_1_0026_00001213_4000_1000.tif,83-25,462567.0,6142295.0,461968.0,6142695.0,-599.0,400.0,False
O2021_83_25_1_0016_00002732_0_0.tif,83-25,453178.0,6162240.0,452778.0,6162540.0,-400.0,300.0,False
O2021_82_22_1_0030_00000261_0_6000.tif,82-22,529899.0,6222997.0,529099.0,6222497.0,-800.0,-500.0,False
O2021_83_25_1_0026_00001208_1000_6000.tif,83-25,462361.0,6144374.0,461661.0,6143874.0,-700.0,-500.0,False
O2021_82_19_1_0023_00005472_3000_5000.tif,82-19,455660.0,6216545.0,454963.0,6215697.0,-697.0,-848.0,False
O2021_82_20_1_0024_00005078_5000_8000.tif,82-20,496659.0,6221299.0,497158.0,6220067.0,499.0,-1232.0,True
O2021_83_25_1_0027_00001530_1000_0.tif,83-25,463194.0,6144154.0,462594.0,6144454.0,-600.0,300.0,False
O2021_82_24_1_0021_00002045_3000_0.tif,82-24,574524.0,6224345.0,574616.0,6224187.0,92.0,-158.0,False
O2021_84_40_1_0051_00072029_3000_1000.tif,84-40,726731.0,6177386.0,726733.0,6177168.0,2.0,-218.0,False
O2021_82_21_1_0004_00002040_5000_8000.tif,82-21,495692.0,6221250.0,496192.0,6220066.0,500.0,-1184.0,True
O2021_83_25_1_0014_00002830_5000_2000.tif,83-25,451033.0,6161958.0,451554.0,6161323.0,521.0,-635.0,False
O2021_84_40_1_0051_00071950_5000_3000.tif,84-40,726928.0,6173162.0,726930.0,6172848.0,2.0,-314.0,False
O2021_82_19_1_0024_00005009_0_4000.tif,82-19,456013.0,6216246.0,455413.0,6216446.0,-600.0,200.0,False
O2021_84_40_1_0037_00084319_5000_3000.tif,84-40,719020.0,6176108.0,718921.0,6176120.0,-99.0,12.0,False
O2021_83_25_1_0023_00001886_6000_1000.tif,83-25,459056.0,6143443.0,459556.0,6143405.0,500.0,-38.0,False
O2021_82_21_1_0004_00002040_16000_5000.tif,82-21,496192.0,6220066.0,497292.0,6220366.0,1100.0,300.0,True
O2021_82_21_1_0005_00001869_7000_0.tif,82-21,528697.0,6221616.0,497519.0,6220281.0,-31178.0,-1335.0,True
O2021_83_26_1_0014_00001452_2000_0.tif,83-26,480385.0,6165562.0,480480.0,6165332.0,95.0,-230.0,False
O2021_84_40_1_0049_00072959_0_4000.tif,84-40,725684.0,6174584.0,725687.0,6175043.0,3.0,459.0,False
O2021_82_19_1_0024_00005012_3000_0.tif,82-19,455406.0,6215271.0,455713.0,6215808.0,307.0,537.0,False
O2021_82_19_1_0023_00005473_7000_2000.tif,82-19,454967.0,6216481.0,455360.0,6216345.0,393.0,-136.0,False
O2021_84_40_1_0051_00072026_1000_1000.tif,84-40,726733.0,6177168.0,726534.0,6176852.0,-199.0,-316.0,False
O2021_83_25_1_0016_00002735_10000_4000.tif,83-25,453267.0,6160918.0,453767.0,6161133.0,500.0,215.0,False
O2021_82_16_1_0026_00005230_10cm_2000_1000.tif,82-16,577045.0,6230977.0,576203.0,6231384.0,-842.0,407.0,False
O2021_83_25_1_0023_00001889_8000_2000.tif,83-25,459156.0,6144348.0,459756.0,6144314.0,600.0,-34.0,False
O2021_82_19_1_0023_00005473_10000_0.tif,82-19,455360.0,6216345.0,455660.0,6216545.0,300.0,200.0,False
O2023_82_24_1_0013_00000578_13000_2000.tif,82-24,577431.0,6222782.0,577031.0,6223082.0,-400.0,300.0,False
O2021_82_21_1_0004_00002039_12000_2000.tif,82-21,497283.0,6219884.0,496883.0,6220184.0,-400.0,300.0,True
O2021_82_22_1_0032_00000909_4000_5000.tif,82-22,530582.0,6222938.0,530682.0,6222285.0,100.0,-653.0,False
O2021_84_40_1_0047_00073807_7000_0.tif,84-40,725761.0,6175845.0,725651.0,6175533.0,-110.0,-312.0,False
O2021_83_25_1_0014_00003762_10000_4000.tif,83-25,451532.0,6162615.0,452032.0,6162825.0,500.0,210.0,False
O2021_82_22_1_0030_00000260_2000_4000.tif,82-22,529099.0,6222497.0,529298.0,6222541.0,199.0,44.0,False
O2021_83_31_1_0041_00093557_7000_3000.tif,83-31,492882.0,6103871.0,493181.0,6104694.0,299.0,823.0,False
O2021_83_25_1_0024_00001847_2000_7000.tif,83-25,460620.0,6145281.0,460020.0,6144766.0,-600.0,-515.0,False
O2021_82_11_1_0026_00002620_3000_0.tif,82-11,464188.0,6257530.0,463615.0,6257041.0,-573.0,-489.0,False
O2023_84_40_1_0137_00064734_6000_5000.tif,84-40,720439.0,6168296.0,720738.0,6168129.0,299.0,-167.0,False
O2021_84_40_1_0045_00093310_9000_0.tif,84-40,724412.0,6175530.0,725027.0,6175108.0,615.0,-422.0,False
O2021_82_24_1_0021_00002048_0_4000.tif,82-24,574736.0,6224973.0,574436.0,6224573.0,-300.0,-400.0,False
O2021_83_25_1_0023_00001883_0_1000.tif,83-25,459263.0,6142199.0,458963.0,6142399.0,-300.0,200.0,False
O2021_82_22_1_0030_00000259_4000_2000.tif,82-22,529298.0,6222541.0,529501.0,6222588.0,203.0,47.0,False
O2023_82_24_1_0014_00000746_7000_6000.tif,82-24,577954.0,6224413.0,577655.0,6223755.0,-299.0,-658.0,False
O2021_83_25_1_0027_00001533_0_7000.tif,83-25,463194.0,6143342.0,462494.0,6142824.0,-700.0,-518.0,False
O2021_82_16_1_0030_00006122_10cm_2000_0.tif,82-16,455659.0,6214964.0,578727.0,6230647.0,123068.0,15683.0,False
O2021_82_13_1_0026_00144928_0_2000.tif,82-13,506647.0,6239708.0,506345.0,6239299.0,-302.0,-409.0,False
O2021_84_40_1_0037_00084316_5000_0.tif,84-40,718921.0,6176120.0,718921.0,6176731.0,0.0,611.0,False
O2021_83_25_1_0026_00001211_7000_0.tif,83-25,461670.0,6142731.0,462272.0,6143469.0,602.0,738.0,False
O2021_83_26_1_0012_00001776_6000_5000.tif,83-26,478661.0,6167043.0,479163.0,6165981.0,502.0,-1062.0,False
O2021_82_22_1_0031_00000389_5000_4000.tif,82-22,530056.0,6221906.0,530257.0,6222260.0,201.0,354.0,False
O2021_83_25_1_0027_00001528_3000_7000.tif,83-25,462495.0,6144590.0,462793.0,6144508.0,298.0,-82.0,False
O2021_82_22_1_0029_00002083_5000_1000.tif,82-22,528791.0,6222946.0,528992.0,6222991.0,201.0,45.0,False
O2021_82_22_1_0029_00002077_8000_1000.tif,82-22,529099.0,6222023.0,529299.0,6222068.0,200.0,45.0,False
O2021_83_31_1_0039_00123200_5000_1000.tif,83-31,492056.0,6103371.0,491515.0,6104845.0,-541.0,1474.0,False
O2021_83_26_1_0012_00001780_9990_1000.tif,83-26,479162.0,6167998.0,479562.0,6167702.0,400.0,-296.0,False
O2021_83_26_1_0013_00001590_8000_0.tif,83-26,480001.0,6168492.0,480203.0,6168923.0,202.0,431.0,False
O2023_82_24_1_0012_00000542_0_8000.tif,82-24,575746.0,6224234.0,574546.0,6224134.0,-1200.0,-100.0,False
O2021_83_31_1_0042_00092138_2000_6000.tif,83-31,493214.0,6104851.0,493411.0,6103744.0,197.0,-1107.0,False
O2021_83_31_1_0039_00123148_3000_2000.tif,83-31,491017.0,6103923.0,491320.0,6103500.0,303.0,-423.0,False
O2021_83_26_1_0013_00001600_5000_3000.tif,83-26,479713.0,6164979.0,479918.0,6165325.0,205.0,346.0,False
O2021_84_40_1_0049_00072956_0_3000.tif,84-40,725687.0,6175043.0,725688.0,6175362.0,1.0,319.0,False
O2023_84_40_1_0125_00092554_8000_1000.tif,84-40,711557.0,6184627.0,711959.0,6185256.0,402.0,629.0,False
O2021_83_26_1_0014_00001454_0_2000.tif,83-26,481088.0,6165690.0,480288.0,6165790.0,-800.0,100.0,False
O2021_84_40_1_0045_00093325_7000_1000.tif,84-40,724832.0,6176719.0,724931.0,6176708.0,99.0,-11.0,False
O2021_84_40_1_0043_00083911_8000_3000.tif,84-40,723582.0,6176653.0,723544.0,6175999.0,-38.0,-654.0,False
O2021_83_31_1_0041_00093609_8160_3000.tif,83-31,493921.0,6102682.0,493301.0,6103450.0,-620.0,768.0,False
O2023_84_40_1_0125_00092551_5000_3000.tif,84-40,711259.0,6184756.0,711662.0,6185383.0,403.0,627.0,False
O2021_83_31_1_0043_00091125_2000_1000.tif,83-31,494740.0,6103321.0,494121.0,6103621.0,-619.0,300.0,False
O2021_83_25_1_0017_00002701_0_0.tif,83-25,454156.0,6161505.0,453656.0,6161819.0,-500.0,314.0,False
O2023_82_24_1_0012_00000542_4000_5000.tif,82-24,575346.0,6224534.0,574946.0,6224434.0,-400.0,-100.0,False
O2021_82_16_1_0029_00006117_10cm_2000_3000.tif,82-16,578727.0,6230647.0,578087.0,6230020.0,-640.0,-627.0,False
O2021_83_25_1_0015_00002817_10020_1000.tif,83-25,452616.0,6161806.0,452918.0,6162006.0,302.0,200.0,False
O2021_83_31_1_0040_00094626_3000_4000.tif,83-31,491958.0,6104371.0,492060.0,6103891.0,102.0,-480.0,False
O2021_82_22_1_0030_00000263_4000_5000.tif,82-22,529396.0,6223559.0,529496.0,6222905.0,100.0,-654.0,False
O2021_82_20_1_0024_00005078_0_1000.tif,82-20,497858.0,6220667.0,496658.0,6220767.0,-1200.0,100.0,True
O2021_84_40_1_0051_00071953_5000_4000.tif,84-40,727023.0,6175049.0,726928.0,6173162.0,-95.0,-1887.0,False
O2023_84_40_1_0142_00114710_3000_7000.tif,84-40,724594.0,6173515.0,724193.0,6173631.0,-401.0,116.0,False
O2023_84_40_1_0140_00055855_0_3000.tif,84-40,722967.0,6173024.0,722367.0,6173324.0,-600.0,300.0,False
O2021_82_24_1_0024_00005686_10cm_1000_1000.tif,82-24,576710.0,6231582.0,576317.0,6231217.0,-393.0,-365.0,False
O2021_83_26_1_0013_00001599_7000_2000.tif,83-26,479918.0,6165325.0,480122.0,6165756.0,204.0,431.0,False
O2021_84_40_1_0039_00062712_0_3000.tif,84-40,719874.0,6176053.0,719872.0,6176069.0,-2.0,16.0,False
O2021_83_25_1_0016_00002734_0_6000.tif,83-25,453269.0,6161767.0,452769.0,6161267.0,-500.0,-500.0,False
O2021_82_22_1_0030_00000257_0_3000.tif,82-22,529801.0,6221978.0,529101.0,6222178.0,-700.0,200.0,False
O2021_82_24_1_0021_00002048_3000_0.tif,82-24,574734.0,6225132.0,574736.0,6224973.0,2.0,-159.0,False
O2021_82_24_1_0024_00005672_10cm_2000_3000.tif,82-24,576816.0,6230591.0,576415.0,6227443.0,-401.0,-3148.0,False
O2021_83_26_1_0014_00001455_6000_4000.tif,83-26,480487.0,6166826.0,480886.0,6166006.0,399.0,-820.0,False
O2021_83_25_1_0023_00001884_7000_7000.tif,83-25,459960.0,6143071.0,459659.0,6142220.0,-301.0,-851.0,False
O2021_83_31_1_0040_00094620_3000_2000.tif,83-31,492058.0,6103582.0,492056.0,6103371.0,-2.0,-211.0,False
O2021_83_31_1_0040_00094632_2000_6000.tif,83-31,492481.0,6104894.0,491958.0,6104371.0,-523.0,-523.0,False
O2021_84_40_1_0049_00072947_0_0.tif,84-40,725690.0,6176195.0,725688.0,6176611.0,-2.0,416.0,False
O2021_83_25_1_0023_00001887_1000_4000.tif,83-25,459556.0,6143243.0,459056.0,6143443.0,-500.0,200.0,False
O2021_83_26_1_0013_00001592_5000_2000.tif,83-26,479709.0,6167452.0,479901.0,6168062.0,192.0,610.0,False
O2021_83_25_1_0023_00001890_8000_7000.tif,83-25,459357.0,6144985.0,459756.0,6144235.0,399.0,-750.0,False
O2021_84_40_1_0051_00072017_6000_3000.tif,84-40,727233.0,6176117.0,727030.0,6175701.0,-203.0,-416.0,False
O2021_83_26_1_0012_00001782_6000_4000.tif,83-26,479061.0,6168646.0,479162.0,6167998.0,101.0,-648.0,False
O2021_84_40_1_0049_00072950_0_1000.tif,84-40,725690.0,6175779.0,725690.0,6176195.0,0.0,416.0,False
O2021_84_40_1_0041_00090722_8000_2000.tif,84-40,721414.0,6173942.0,722111.0,6173222.0,697.0,-720.0,False
O2021_83_31_1_0043_00091113_6000_4000.tif,83-31,494623.0,6104508.0,494523.0,6104518.0,-100.0,10.0,False
O2023_82_24_1_0012_00000543_2000_12000.tif,82-24,575152.0,6224402.0,574752.0,6224376.0,-400.0,-26.0,False
O2023_84_40_1_0126_00090902_7000_1000.tif,84-40,712214.0,6185048.0,712610.0,6185023.0,396.0,-25.0,False
O2021_82_24_1_0020_00004287_3000_3000.tif,82-24,574006.0,6224689.0,574107.0,6224125.0,101.0,-564.0,False
O2023_85_48_1_0053_00000201_4000_1000.tif,85-48,654419.0,6144583.0,654823.0,6145040.0,404.0,457.0,True
O2021_82_22_1_0031_00000386_3000_3000.tif,82-22,529861.0,6222470.0,530060.0,6222824.0,199.0,354.0,False
O2021_84_40_1_0044_00082844_9000_0.tif,84-40,723683.0,6175079.0,724290.0,6175908.0,607.0,829.0,False
O2021_83_25_1_0027_00001532_5000_3000.tif,83-25,462494.0,6142824.0,462993.0,6143480.0,499.0,656.0,False
O2021_83_25_1_0026_00001210_5000_2000.tif,83-25,461572.0,6142869.0,462066.0,6143605.0,494.0,736.0,False
O2023_82_24_1_0011_00000390_13000_8000.tif,82-24,575044.0,6224261.0,574644.0,6224161.0,-400.0,-100.0,False
O2021_83_25_1_0018_00002611_2000_0.tif,83-25,455436.0,6161620.0,454736.0,6161920.0,-700.0,300.0,False
O2023_84_40_1_0126_00090908_6000_2000.tif,84-40,712122.0,6185601.0,712518.0,6185577.0,396.0,-24.0,False
O2021_83_25_1_0017_00002704_8000_3000.tif,83-25,454182.0,6163161.0,454477.0,6162526.0,295.0,-635.0,False
O2021_82_19_1_0024_00005011_0_3000.tif,82-19,456015.0,6215654.0,455415.0,6215854.0,-600.0,200.0,False
O2021_82_19_1_0024_00005010_3000_1000.tif,82-19,455415.0,6215854.0,455713.0,6216402.0,298.0,548.0,False
O2021_83_26_1_0013_00001594_9000_6000.tif,83-26,479919.0,6166995.0,480309.0,6167152.0,390.0,157.0,False
O2021_83_25_1_0018_00002607_0_3000.tif,83-25,455144.0,6162945.0,454544.0,6162960.0,-600.0,15.0,False
O2021_82_20_1_0023_00004976_12000_2000.tif,82-20,496936.0,6219812.0,496536.0,6220112.0,-400.0,300.0,True
O2023_84_41_1_0119_00153056_0_5000.tif,84-41,707113.0,6179711.0,706714.0,6179741.0,-399.0,30.0,False
O2021_83_31_1_0043_00091110_6000_3000.tif,83-31,494523.0,6104518.0,494523.0,6104828.0,0.0,310.0,False
O2021_82_22_1_0029_00002078_6000_3000.tif,82-22,528900.0,6221976.0,529099.0,6222023.0,199.0,47.0,False
O2021_83_26_1_0014_00001463_6000_4000.tif,83-26,491320.0,6103500.0,480889.0,6168702.0,-10431.0,65202.0,False
O2021_82_19_1_0023_00005471_10000_1000.tif,82-19,455362.0,6215552.0,455662.0,6215752.0,300.0,200.0,False
O2021_82_24_1_0021_00002046_5000_2000.tif,82-24,574831.0,6224408.0,574824.0,6224245.0,-7.0,-163.0,False
O2021_84_40_1_0047_00073821_0_4000.tif,84-40,724968.0,6177456.0,724967.0,6176845.0,-1.0,-611.0,False
O2023_84_40_1_0126_00090917_1000_6000.tif,84-40,712725.0,6186653.0,712025.0,6186153.0,-700.0,-500.0,False
O2023_82_24_1_0013_00000576_5000_3000.tif,82-24,576642.0,6224225.0,576242.0,6224125.0,-400.0,-100.0,False
O2021_82_16_1_0027_00005667_10cm_4000_0.tif,82-16,577552.0,6230132.0,577045.0,6230977.0,-507.0,845.0,False
O2023_84_40_1_0135_00071426_8000_2000.tif,84-40,719802.0,6167198.0,719416.0,6168923.0,-386.0,1725.0,False
O2023_82_24_1_0013_00000576_16740_6000.tif,82-24,576242.0,6224125.0,577416.0,6223825.0,1174.0,-300.0,False
O2023_84_40_1_0125_00092544_6000_2000.tif,84-40,711363.0,6185508.0,711765.0,6186133.0,402.0,625.0,False
O2023_82_24_1_0011_00000391_9000_1000.tif,82-24,574447.0,6223837.0,574245.0,6224298.0,-202.0,461.0,False
O2021_84_40_1_0039_00062721_7000_2000.tif,84-40,720472.0,6174605.0,720574.0,6175220.0,102.0,615.0,False
O2021_82_22_1_0029_00002081_8000_4000.tif,82-22,529092.0,6222336.0,529294.0,6222382.0,202.0,46.0,False
O2021_83_26_1_0013_00001598_9000_1000.tif,83-26,480122.0,6165756.0,480325.0,6166187.0,203.0,431.0,False
O2021_83_26_1_0012_00001773_9000_4000.tif,83-26,478955.0,6165207.0,479447.0,6165085.0,492.0,-122.0,False
O2021_82_21_1_0004_00002040_12000_2000.tif,82-21,497292.0,6220366.0,496892.0,6220666.0,-400.0,300.0,True
O2021_84_41_1_0003_00074400_4000_2000.tif,84-41,570747.0,6221696.0,694225.0,6219713.0,123478.0,-1983.0,False
O2021_84_40_1_0045_00093322_8000_0.tif,84-40,724931.0,6176708.0,725014.0,6176354.0,83.0,-354.0,False
O2021_82_20_1_0024_00005079_5000_8000.tif,82-20,496658.0,6221831.0,497159.0,6220599.0,501.0,-1232.0,True
O2021_82_11_1_0027_00002539_7000_4000.tif,82-11,465178.0,6258721.0,464796.0,6258521.0,-382.0,-200.0,False
O2021_83_25_1_0026_00001209_9000_7000.tif,83-25,462066.0,6143605.0,462469.0,6143522.0,403.0,-83.0,False
O2023_82_24_1_0011_00000390_10000_9000.tif,82-24,574644.0,6224161.0,574344.0,6224061.0,-300.0,-100.0,False
O2021_83_25_1_0015_00002817_7000_3000.tif,83-25,452316.0,6163274.0,452616.0,6161806.0,300.0,-1468.0,False
O2021_82_13_1_0024_00141749_5000_5000.tif,82-13,505719.0,6238016.0,505430.0,6238433.0,-289.0,417.0,False
O2021_82_21_1_0005_00001868_5000_8000.tif,82-21,496819.0,6220181.0,497320.0,6220055.0,501.0,-126.0,True
O2021_83_25_1_0025_00001593_9000_2000.tif,83-25,461006.0,6143606.0,461602.0,6143570.0,596.0,-36.0,False
O2023_84_40_1_0126_00090931_3000_5000.tif,84-40,711899.0,6188706.0,712204.0,6187882.0,305.0,-824.0,False
O2021_83_26_1_0013_00001594_3000_3000.tif,83-26,480309.0,6167152.0,479709.0,6167452.0,-600.0,300.0,False
O2023_82_24_1_0014_00000747_9000_12000.tif,82-24,711675.0,6188406.0,577854.0,6223808.0,-133821.0,35402.0,False
O2021_83_31_1_0039_00123154_0_4000.tif,83-31,491717.0,6103739.0,491017.0,6103923.0,-700.0,184.0,False
O2021_82_13_1_0026_00144908_2000_4000.tif,82-13,507158.0,6237786.0,506544.0,6237386.0,-614.0,-400.0,False
O2021_83_25_1_0015_00003911_1000_2000.tif,83-25,451924.0,6161965.0,452023.0,6162401.0,99.0,436.0,False
O2021_82_24_1_0025_00001380_10cm_8000_0.tif,82-24,577128.0,6227908.0,577610.0,6227587.0,482.0,-321.0,False
O2023_82_24_1_0011_00000391_14000_3000.tif,82-24,575051.0,6224198.0,574745.0,6224098.0,-306.0,-100.0,False
O2021_82_22_1_0030_00000261_8000_1000.tif,82-22,529701.0,6222952.0,529899.0,6222997.0,198.0,45.0,False
O2021_84_40_1_0044_00082849_2000_2000.tif,84-40,723983.0,6174964.0,723683.0,6175079.0,-300.0,115.0,False
O2023_82_24_1_0012_00000537_4000_2000.tif,82-24,575341.0,6221013.0,574941.0,6221939.0,-400.0,926.0,False
O2021_83_25_1_0026_00001209_3000_4000.tif,83-25,462469.0,6143522.0,461869.0,6143741.0,-600.0,219.0,False
O2021_83_31_1_0042_00092132_5000_4000.tif,83-31,493411.0,6103744.0,493708.0,6103305.0,297.0,-439.0,False
O2021_83_31_1_0043_00091125_8190_4000.tif,83-31,557857.0,6092687.0,494740.0,6103321.0,-63117.0,10634.0,False
O2021_82_16_1_0028_00005674_10cm_3000_3000.tif,82-16,577551.0,6230948.0,577552.0,6230132.0,1.0,-816.0,False
O2021_82_22_1_0033_00001038_0_3000.tif,82-22,531651.0,6222317.0,530951.0,6222517.0,-700.0,200.0,False
O2021_82_22_1_0030_00000262_6000_3000.tif,82-22,529496.0,6222905.0,529701.0,6222952.0,205.0,47.0,False
O2023_82_24_1_0012_00000541_3000_0.tif,82-24,575148.0,6223483.0,574848.0,6224383.0,-300.0,900.0,False
O2021_83_25_1_0024_00001856_7000_7000.tif,83-25,460026.0,6141823.0,460524.0,6141743.0,498.0,-80.0,False
O2023_84_40_1_0136_00065238_8720_3000.tif,84-40,719899.0,6168887.0,720276.0,6168749.0,377.0,-138.0,False
O2023_84_40_1_0127_00085858_0_0.tif,84-40,713267.0,6185075.0,712667.0,6185375.0,-600.0,300.0,False
O2021_84_40_1_0051_00072014_6000_2000.tif,84-40,727030.0,6175701.0,727027.0,6175484.0,-3.0,-217.0,False
O2023_82_24_1_0011_00000390_8000_5000.tif,82-24,573445.0,6223998.0,574144.0,6224461.0,699.0,463.0,False
O2023_84_40_1_0125_00092547_2000_5000.tif,84-40,712036.0,6185908.0,711363.0,6185508.0,-673.0,-400.0,True
O2021_83_31_1_0042_00092144_0_1000.tif,83-31,493914.0,6104651.0,493214.0,6104851.0,-700.0,200.0,False
O2021_84_40_1_0049_00072953_0_2000.tif,84-40,725688.0,6175362.0,725690.0,6175779.0,2.0,417.0,False
O2021_83_25_1_0023_00001888_7000_4000.tif,83-25,459958.0,6144514.0,459657.0,6143779.0,-301.0,-735.0,False
O2021_83_25_1_0017_00002700_10000_4000.tif,83-25,453656.0,6161819.0,454653.0,6161167.0,997.0,-652.0,False
O2021_82_24_1_0022_00001746_10cm_6000_3000.tif,82-24,575070.0,6228433.0,575569.0,6228906.0,499.0,473.0,False
O2021_84_40_1_0039_00062707_1000_3000.tif,84-40,719968.0,6176686.0,719965.0,6176694.0,-3.0,8.0,False
O2021_83_31_1_0040_00094623_3000_3000.tif,83-31,492060.0,6103891.0,492058.0,6103582.0,-2.0,-309.0,False
O2021_83_25_1_0023_00001889_11000_0.tif,83-25,459756.0,6144314.0,459958.0,6144514.0,202.0,200.0,False
O2021_82_22_1_0032_00000911_1000_2000.tif,82-22,531081.0,6222693.0,530381.0,6222893.0,-700.0,200.0,False
O2021_82_22_1_0029_00002082_6000_6000.tif,82-22,528992.0,6222991.0,529092.0,6222336.0,100.0,-655.0,False
O2021_82_22_1_0032_00000904_6000_0.tif,82-22,530684.0,6221968.0,530885.0,6222014.0,201.0,46.0,False
O2023_82_24_1_0014_00000746_3000_7000.tif,82-24,577655.0,6223755.0,577255.0,6223655.0,-400.0,-100.0,False
O2021_82_24_1_0023_00001713_10cm_3000_2000.tif,82-24,576288.0,6227538.0,575887.0,6227187.0,-401.0,-351.0,False
O2021_83_25_1_0024_00001850_3000_6000.tif,83-25,459814.0,6143937.0,460117.0,6143772.0,303.0,-165.0,False
O2021_82_19_1_0024_00005008_3000_2000.tif,82-19,455413.0,6216446.0,455714.0,6216992.0,301.0,546.0,False
O2021_83_25_1_0027_00001529_0_2000.tif,83-25,463095.0,6144390.0,462495.0,6144590.0,-600.0,200.0,False
O2021_83_31_1_0042_00092144_7000_3000.tif,83-31,494523.0,6104828.0,493914.0,6104651.0,-609.0,-177.0,False
O2021_84_40_1_0038_00060842_4000_3000.tif,84-40,719555.0,6176649.0,719558.0,6176036.0,3.0,-613.0,False
O2021_82_24_1_0022_00001737_10cm_4000_2000.tif,82-24,575774.0,6231030.0,575390.0,6231293.0,-384.0,263.0,False
O2021_84_40_1_0038_00060839_5000_0.tif,84-40,719558.0,6176036.0,719661.0,6176023.0,103.0,-13.0,False
O2021_82_21_1_0005_00001869_0_1000.tif,82-21,498019.0,6219581.0,496819.0,6220181.0,-1200.0,600.0,True
O2023_84_40_1_0148_00105623_0_5000.tif,84-40,727384.0,6172942.0,726987.0,6172978.0,-397.0,36.0,False
O2021_84_40_1_0045_00093307_7000_0.tif,84-40,725027.0,6175108.0,724927.0,6174940.0,-100.0,-168.0,False
O2021_82_16_1_0025_00005219_10cm_0_0.tif,82-16,576306.0,6230490.0,575415.0,6230873.0,-891.0,383.0,False
O2021_82_22_1_0030_00000256_2000_1000.tif,82-22,529101.0,6222178.0,529296.0,6222224.0,195.0,46.0,False
O2021_82_22_1_0032_00000908_6000_3000.tif,82-22,530682.0,6222285.0,530883.0,6222331.0,201.0,46.0,False
O2021_83_25_1_0024_00001855_1000_6000.tif,83-25,460521.0,6142595.0,459921.0,6142095.0,-600.0,-500.0,False
O2021_84_40_1_0047_00073810_9000_0.tif,84-40,725064.0,6176216.0,725761.0,6175845.0,697.0,-371.0,False
O2021_82_13_1_0026_00144931_3000_1000.tif,82-13,506951.0,6240118.0,506647.0,6239708.0,-304.0,-410.0,False
O2021_82_22_1_0031_00000391_2000_1000.tif,82-22,529758.0,6221899.0,529956.0,6222252.0,198.0,353.0,False
O2021_83_31_1_0042_00092126_7000_4000.tif,83-31,493708.0,6103305.0,493921.0,6102682.0,213.0,-623.0,False
O2021_82_22_1_0030_00000258_6000_0.tif,82-22,529501.0,6222588.0,529699.0,6222634.0,198.0,46.0,False
O2021_82_20_1_0023_00004975_16000_5000.tif,82-20,495837.0,6220045.0,496937.0,6220345.0,1100.0,300.0,True
O2021_84_40_1_0053_00071149_3000_3000.tif,84-40,727443.0,6175215.0,727441.0,6175535.0,-2.0,320.0,False
O2023_84_40_1_0136_00065229_7000_3000.tif,84-40,719707.0,6167774.0,720105.0,6167735.0,398.0,-39.0,False
O2021_82_19_1_0024_00005007_0_5000.tif,82-19,456110.0,6217536.0,455410.0,6217036.0,-700.0,-500.0,False
O2021_82_16_1_0025_00005217_10cm_5000_1000.tif,82-16,575415.0,6230873.0,575910.0,6231290.0,495.0,417.0,False
O2021_84_40_1_0047_00073818_1000_1000.tif,84-40,724967.0,6176845.0,725066.0,6176829.0,99.0,-16.0,False
O2021_83_25_1_0015_00003912_0_3000.tif,83-25,452724.0,6161951.0,451924.0,6161965.0,-800.0,14.0,False
O2021_83_25_1_0027_00001535_4000_2000.tif,83-25,463493.0,6142168.0,462894.0,6142568.0,-599.0,400.0,False
O2021_84_40_1_0039_00062710_1000_0.tif,84-40,719872.0,6176069.0,719968.0,6176686.0,96.0,617.0,False
O2021_82_19_1_0023_00005471_7000_3000.tif,82-19,454963.0,6215697.0,455362.0,6215552.0,399.0,-145.0,False
O2021_84_40_1_0047_00073804_5000_1000.tif,84-40,725651.0,6175533.0,725459.0,6175259.0,-192.0,-274.0,False
O2023_84_40_1_0126_00090905_9000_0.tif,84-40,712518.0,6185577.0,712784.0,6185448.0,266.0,-129.0,False
O2021_84_40_1_0039_00062715_8000_2000.tif,84-40,720575.0,6175236.0,720674.0,6175853.0,99.0,617.0,False
O2021_82_20_1_0024_00005077_0_1000.tif,82-20,497860.0,6220138.0,496660.0,6220238.0,-1200.0,100.0,True
O2021_83_26_1_0013_00001589_10000_3000.tif,83-26,480304.0,6168941.0,480404.0,6168957.0,100.0,16.0,False
O2021_82_16_1_0028_00005676_10cm_3000_0.tif,82-16,578087.0,6230020.0,577551.0,6230948.0,-536.0,928.0,False
O2021_82_22_1_0031_00000384_6000_6000.tif,82-22,530264.0,6223179.0,530365.0,6222832.0,101.0,-347.0,False
