route,year,f5_a,f5_b,area_a_km2,area_b_km2,overlap_km2,pct_a,pct_b,bearing,dist_m,adjacent
82-11,2021,0023,0024,2.117851,2.521464,0.672294,31.7441595277477,26.66284349092432,84.3816535949839,813.7424688165587,True
82-11,2021,0024,0025,2.521464,2.971255,0.836423,33.17211746826447,28.150495329414674,92.34565716083824,789.4233640654552,True
82-11,2021,0025,0026,2.971255,2.977415,0.956927,32.206155311476124,32.139523714362966,90.0868891619316,800.7152064477704,True
82-11,2021,0026,0027,2.977415,2.528422,0.865222,29.059502958102918,34.2198414663375,90.13303001309674,779.359243544909,True
82-13,2021,0024,0025,3.885633,4.169706,0.923456,23.765908926550708,22.14678924605236,73.9848893379883,722.2470626269371,True
82-13,2021,0025,0026,4.169706,3.817319,0.792376,19.00316233326762,20.757395439050285,98.40483294714448,736.0069824062583,True
82-16,2021,0024,0025,0.705882,0.926862,0.162387,23.00483650241825,17.520083895984516,100.29258613231593,661.8165080124,True
82-16,2021,0025,0026,0.926862,0.924615,0.254313,27.438065213591667,27.50474521828004,80.8719321508542,598.8335014843441,True
82-16,2021,0026,0027,0.924615,0.46365,0.113015,12.222925217522969,24.37506739997843,110.18957367082248,681.6323239107722,True
82-16,2021,0027,0028,0.46365,0.899663,0.123477,26.631510837916533,13.724805843966019,115.25898325306025,672.0012090762933,True
82-16,2021,0028,0029,0.899663,0.465888,0.091996,10.22560669939744,19.746376811594203,120.32233786709025,735.3462619745883,True
82-16,2021,0029,0030,0.465888,0.466146,0.045696,9.808365959200495,9.80293727716209,62.93658244594428,719.8175115958211,True
82-19,2021,0022,0023,3.435388,3.436506,0.711204,20.702290396310403,20.695555311121236,87.02520360358227,871.9249537660911,True
82-19,2021,0023,0024,3.436506,3.431109,1.086016,31.60233097221422,31.652040200413335,93.2105556911983,749.9270381177091,True
82-20,2021,0023,0024,4.756403,4.750503,1.052927,22.137043475920773,22.1645371027026,88.99149021699236,1320.954626397137,True
82-21,2021,0004,0005,3.688662,2.846426,0.952571,25.82429618110849,33.46551078440121,103.60813603243253,1163.1524811668564,True
82-21,2021,0005,0006,2.846426,4.485278,0.687209,24.142872500461984,15.32143604030787,67.75011893600555,1405.663922315715,True
82-22,2021,0029,0030,2.161971,2.167726,0.677173,31.322020508138177,31.23886505951398,104.00827429900079,621.0529645066156,True
82-22,2021,0030,0031,2.167726,2.164534,0.496772,22.916733941466774,22.95052884362177,61.69429099948735,753.763820272514,True
82-22,2021,0031,0032,2.164534,2.16073,0.841493,38.87640480583811,38.94484734325899,115.78409127590191,579.5654104227588,True
82-22,2021,0032,0033,2.16073,2.158101,0.551647,25.530584570955188,25.561685945189776,83.39575837639336,672.5461789184234,True
82-24,2021,0019,0020,1.380522,1.289253,0.259945,18.829471750540737,20.162450659412855,109.47962916674601,690.313465028546,True
82-24,2021,0020,0021,1.289253,1.830896,0.364832,28.29793686731774,19.92641854043048,92.28576578314653,601.0353660347208,True
82-24,2021,0021,0022,1.830896,3.630363,0.439057,23.980444547369157,12.094024757303885,10.468108111052118,3276.9117217069943,True
82-24,2021,0022,0023,3.630363,2.87504,0.633058,17.43787053801507,22.019102342923926,23.286247387694573,1582.0736690954075,True
82-24,2021,0023,0024,2.87504,2.926773,0.762932,26.536396015359788,26.067344478030922,101.09792584322224,644.8506098530698,True
82-24,2021,0024,0025,2.926773,0.749129,0.226749,7.747406443888884,30.26835164571122,153.95872614208383,1392.2154619027244,True
82-24,2023,0002,0003,5.29686,6.331134,1.821534,34.38893986248457,28.771054285061727,92.03018851115098,1189.0963956403805,True
82-24,2023,0005,0006,4.199353,4.196952,1.401433,33.37259334949932,33.391685203928944,89.2466733011496,1204.2707567467758,True
82-24,2023,0006,0007,4.196952,10.406681,0.0,0.0,0.0,8.495402983926397,8216.845029467288,True
82-24,2023,0007,0008,10.406681,12.481899,3.390089,32.57608261462036,27.160041913494094,127.93158984927129,1532.4655875518026,True
82-24,2023,0008,0009,12.481899,6.435329,1.081559,8.66501964164267,16.80658440306626,174.6884498745453,12689.136426290383,True
82-24,2023,0009,0010,6.435329,3.21777,0.21296,3.309232519425192,6.618248041345404,6.445325223658074,10908.196038415334,True
82-24,2023,0010,0011,3.21777,8.248867,1.094042,34.00000621548464,13.262936594807504,134.17355013984098,1659.8027890294,True
82-24,2023,0011,0012,8.248867,9.237508,2.773344,33.62090818048103,30.022642470241973,77.78994216898593,1221.8632482210542,True
82-24,2023,0012,0013,9.237508,8.211698,2.741945,29.68273478085215,33.39071894753071,74.77550666624938,1233.569750973434,True
82-24,2023,0013,0014,8.211698,7.174357,2.299666,28.004756141787,32.053966648160944,79.92841390387139,1233.7138796297982,True
82-24,2023,0016,0017,3.12344,4.122837,0.955227,30.582530799375046,23.169167250609227,99.53196858319359,1251.0224179757558,True
83-25,2021,0014,0015,2.652267,2.813717,0.543182,20.479913975478336,19.304784383077617,74.40572091692576,910.6031702562173,True
83-25,2021,0015,0016,2.813717,2.649046,0.586716,20.851990445378835,22.148199767010464,106.20046295772829,893.5221523866903,True
83-25,2021,0016,0017,2.649046,3.055837,0.520895,19.6634939521624,17.045902644676403,78.38180021606132,908.9991856603889,True
83-25,2021,0017,0018,3.055837,3.04447,0.619004,20.256446924361477,20.332077504458905,83.42070385922534,878.2212602933556,True
83-25,2021,0022,0023,3.740077,5.235745,0.744435,19.904269350604277,14.218320410944383,130.11761453508745,1149.3570603294145,True
83-25,2021,0023,0024,5.235745,5.981554,1.146606,21.89957685104985,19.16903199402697,99.22451629497101,874.2547879463198,True
83-25,2021,0024,0025,5.981554,4.907994,0.966576,16.159279010103393,19.693911606248907,87.46199262648338,887.4917823750703,True
83-25,2021,0025,0026,4.907994,4.888773,0.947636,19.308010563990095,19.383923123450405,75.06063894094598,883.4483776651903,True
83-25,2021,0026,0027,4.888773,4.864171,0.766178,15.672194229513213,15.75146104032938,91.43684091072822,930.5425873889009,True
83-26,2021,0012,0013,4.886546,4.607319,1.022094,20.91649193520331,22.184137890169968,102.93796538633075,875.9772803087744,True
83-26,2021,0013,0014,4.607319,4.510557,0.891526,19.35021212987423,19.765319449460456,113.40572729154587,954.7763459478736,True
83-31,2021,0039,0040,1.765962,1.575402,0.296605,16.795661514800432,18.827258058578064,95.09214668660707,745.9440618456163,True
83-31,2021,0040,0041,1.575402,1.767218,0.334831,21.25368636068762,18.946785286252176,80.99361840391151,731.6877096917701,True
83-31,2021,0041,0042,1.767218,2.252122,0.354211,20.043424184226282,15.727877974639028,115.29305137344318,805.8352346152454,True
83-31,2021,0042,0043,2.252122,1.923665,0.392055,17.40824875384193,20.380627604078672,51.78208129151477,906.6859313592319,True
83-34,2021,0012,0013,2.666765,2.282561,0.384853,14.431455340084334,16.86057897247872,79.35892209091264,931.0103867722876,True
83-34,2021,0013,0014,2.282561,2.651959,0.618939,27.115989452198647,23.338935481280064,95.54480345866,808.1145451330334,True
83-34,2021,0024,0025,2.290763,2.291404,0.315818,13.786585517576459,13.78272884222948,90.19291435354427,950.405387190143,True
84-40,2021,0028,0029,0.633231,1.198022,0.127614,20.152835221269964,10.652058142504895,111.77729872661047,772.2373441015399,True
84-40,2021,0029,0030,1.198022,1.482586,0.228739,19.09305505241139,15.428379871386888,83.14843207530089,730.9450154594384,True
84-40,2021,0030,0031,1.482586,0.906267,0.184832,12.466865328554297,20.394872592734814,111.8018721386095,766.5627357091996,True
84-40,2021,0037,0038,2.221666,2.772994,0.172647,7.771060096342114,6.226014192601931,90.47238196096413,788.4017951685549,True
84-40,2021,0038,0039,2.772994,2.800254,0.585584,21.117391526992126,20.911817285146277,81.45596265543969,717.4905122882702,True
84-40,2021,0039,0040,2.800254,1.654414,0.308678,11.023214322700726,18.657845013400514,128.05230294598186,936.4705161691165,True
84-40,2021,0040,0041,1.654414,1.77586,0.017756,1.073250105475413,0.9998535920624374,158.37129568843568,1935.4370242204889,True
84-40,2021,0041,0042,1.77586,2.343595,0.34169,19.240818532992467,14.579737539975977,72.46636420182767,772.2974069115535,True
84-40,2021,0042,0043,2.343595,2.374944,0.175851,7.50347222963012,7.404427220178666,22.358369110499268,1843.4615070906689,True
84-40,2021,0043,0044,2.374944,2.362585,0.458284,19.296623415120525,19.39756664839572,95.71545414976555,733.0190247360568,True
84-40,2021,0044,0045,2.362585,3.087614,0.433693,18.356715208130076,14.046218212509725,57.72909433815943,874.3300899833017,True
84-40,2021,0045,0047,3.087614,2.812802,0.530614,17.18524401042358,18.864249954316016,92.4424030244557,736.0464277660203,False
84-40,2021,0047,0049,2.812802,4.069256,0.54425,19.349033454896578,13.374680777026562,141.60799281902962,1174.3220526920163,False
84-40,2021,0049,0051,4.069256,4.88407,0.723442,17.77823759429242,14.812277465310693,136.73517321740292,1088.0750493376472,False
84-40,2021,0051,0053,4.88407,2.195176,0.439549,8.999645787222542,20.023405868139957,141.44297242576766,1151.2151246977483,False
84-40,2023,0125,0126,5.132752,5.135382,1.20795,23.53415867355368,23.522106047807153,82.53970555242421,746.8217889459763,True
84-40,2023,0126,0127,5.135382,5.104056,1.17807,22.94026033506368,23.081055537008215,95.59050784408498,746.9528417362126,True
84-40,2023,0132,0133,3.357705,3.011593,0.79509,23.679566846998174,26.400977821372276,89.45236693800553,719.303689208587,True
84-40,2023,0133,0134,3.011593,3.020575,0.753557,25.021873805657005,24.94746861110881,100.82682351792664,732.6668965157357,True
84-40,2023,0134,0135,3.020575,3.015241,0.712472,23.587297120581347,23.62902335169892,89.76983993442326,746.8185255845291,True
84-40,2023,0135,0136,3.015241,3.342008,0.642164,21.29726943882761,19.214915104930927,83.12784122561709,773.2917469911109,True
84-40,2023,0136,0137,3.342008,6.503341,0.798556,23.894496961108413,12.279165432044852,1.8161347472956209,22999.85895223071,True
84-40,2023,0137,0138,6.503341,6.564075,1.541773,23.707399012292296,23.488046678321012,85.10317192330899,740.3132371120312,True
84-40,2023,0138,0139,6.564075,3.24047,0.613289,9.343113843153834,18.92592741176434,1.9655745934138054,22942.832539845087,True
84-40,2023,0139,0140,3.24047,8.227891,0.882516,27.234197508386128,10.725907769074723,178.36507590205701,24890.178437094615,True
84-40,2023,0140,0141,8.227891,7.864378,1.61525,19.631397644912894,20.53881438557506,147.52308284099377,1434.31222192619,True
84-40,2023,0140,0206,8.227891,3.772189,3.61552,43.94224473805013,95.84673514503118,179.50842591791195,16058.656246990538,False
84-40,2023,0140,0207,8.227891,3.80177,0.667458,8.11213955070625,17.556506574569212,177.3482841270661,16077.162712048048,False
84-40,2023,0141,0142,7.864378,8.149519,1.700042,21.6169924690802,20.860642204773068,32.36360055854061,1417.1210559040348,True
84-40,2023,0141,0206,7.864378,3.772189,1.203861,15.307771320249357,31.914122012444235,182.43880665239055,14861.529184415971,False
84-40,2023,0141,0207,7.864378,3.80177,3.80177,48.34164888818925,100.0,180.10171909366008,14849.973936883327,False
84-40,2023,0141,0208,7.864378,3.768126,1.341657,17.059925146019175,35.60541765323134,177.7226403497441,14859.952000309988,False
84-40,2023,0142,0143,8.149519,8.191559,1.685993,20.68825166246008,20.582077233405755,156.85901424831593,1933.4796375913004,True
84-40,2023,0142,0207,8.149519,3.80177,0.432198,5.303355940393537,11.368336327552692,182.8003850958658,16066.133602642029,False
84-40,2023,0142,0208,8.149519,3.768126,3.428152,42.06569737428675,90.97763715969158,180.60018077146955,16046.092623882338,False
84-40,2023,0142,0209,8.149519,3.788871,2.030433,24.914758772879726,53.58939377983573,178.38256343763578,16063.936135813816,False
84-40,2023,0143,0144,8.191559,5.261397,1.106207,13.504230391308907,21.024967323317362,176.92871364723828,14304.59863557085,True
84-40,2023,0143,0209,8.191559,3.788871,2.759347,33.68524843683602,72.82768402513572,181.22933446446666,14282.910255630637,False
84-40,2023,0143,0210,8.191559,3.764753,2.625141,32.046903403857556,69.72943510503876,178.66820370344794,14277.303090245794,False
84-40,2023,0144,0146,5.261397,5.269625,1.091939,20.75378459371152,20.72137960481059,88.13604643011445,768.6066874547133,False
84-40,2023,0144,0210,5.261397,3.764753,2.131666,40.51520917353319,56.621669469418045,271.39801281410075,434.7117507364638,False
84-40,2023,0144,0211,5.261397,3.601032,3.141982,59.717637730055344,87.25226546167876,67.5692122157804,212.26605964732946,False
84-40,2023,0146,0148,5.269625,4.90146,0.893537,16.956367862988355,18.23001717855496,97.98038880892062,798.6919578092893,False
84-40,2023,0146,0211,5.269625,3.601032,1.403261,26.62923832341011,38.968301309180255,275.59099835556214,574.7278922048183,False
84-40,2023,0151,0152,3.303911,3.286156,0.749273,22.678365125452835,22.800895636117094,90.63692602304513,744.6571213619625,True
84-40,2023,0152,0153,3.286156,3.310016,0.609866,18.55864420313582,18.424865619984917,90.53867624414664,785.9236231072368,True
84-40,2023,0153,0154,3.310016,3.039805,0.704173,21.27400592625534,23.165071443727477,86.9945795313003,749.4057483729816,True
84-40,2023,0206,0207,3.772189,3.80177,0.822694,21.809458645894995,21.639762531662882,90.17796253801595,606.0323350915037,True
84-40,2023,0207,0208,3.80177,3.768126,0.771002,20.280080067968342,20.46115230753961,89.8388193356293,616.8553819849341,True
84-40,2023,0208,0209,3.768126,3.788871,0.753017,19.983859350775425,19.874442808952853,91.13595125811571,621.6221677009028,True
84-40,2023,0209,0210,3.788871,3.764753,0.669965,17.68244418983914,17.795722587909484,89.4455675710501,638.2945899535196,True
84-40,2023,0210,0211,3.764753,3.601032,0.673928,17.90098845794133,18.7148572964639,83.63287038940899,634.7036422712878,True
84-41,2021,0002,0003,1.943,2.030019,0.312841,16.100926402470407,15.410742461031154,38.02580721633842,1185.5745940497343,True
84-41,2021,0003,0004,2.030019,1.89958,0.2722,13.408741494537736,14.329483359479465,145.76808356633194,1334.4141062445294,True
84-41,2021,0016,0017,1.935239,1.945087,0.416314,21.51227832841318,21.403361392061125,99.18216035296302,706.0472914598906,True
84-41,2021,0017,0018,1.945087,1.658323,0.324843,16.700692565422525,19.58864467296178,76.11158902989285,745.7348530886386,True
84-41,2023,0113,0114,5.283104,5.313824,1.180952,22.35337407705773,22.224145925796563,89.74094969151162,759.3744282119796,True
84-41,2023,0114,0115,5.313824,4.989979,1.205805,22.69185053927266,24.164530552132582,82.29658873340026,754.1344685613859,True
84-41,2023,0115,0116,4.989979,4.989093,1.148714,23.020417520795178,23.024505656639395,90.93299379501383,752.3140262767291,True
84-41,2023,0116,0117,4.989093,5.279155,1.142174,22.893419705746116,21.635545840196016,91.99847102790159,756.217105879364,True
84-41,2023,0117,0118,5.279155,6.666819,1.199498,22.721401436404122,17.992058881454557,175.76855960215835,10099.702613157873,True
84-41,2023,0118,0119,6.666819,6.341982,1.534707,23.020078991195053,24.199169912497386,19.480706699939333,2221.1853770859248,True
84-42,2021,0031,0032,2.677562,2.681637,0.473911,17.699347391395605,17.67245156596512,79.79375307083768,909.5592644548161,True
84-42,2021,0032,0033,2.681637,2.282067,0.660716,24.638532359152265,28.952524180928958,98.98568441890296,798.3984281046712,True
85-45,2023,0024,0025,1.962456,2.287827,0.893566,45.53304634600725,39.057411246567156,82.10766381380171,581.2389221034548,True
85-45,2023,0025,0026,2.287827,4.564913,0.886974,38.76927757212412,19.430249820752334,2.12761091796699,16805.74919908495,True
85-45,2023,0026,0027,4.564913,4.121668,1.439701,31.53841048011211,34.93005744276346,13.013043076868655,2835.238066283408,True
85-45,2023,0027,0028,4.121668,2.315376,0.990083,24.021415601644772,42.76121891217668,2.3095950206970883,13987.209253294885,True
85-45,2023,0028,0029,2.315376,1.967911,0.752074,32.48172219112576,38.21687058002115,74.86188027573405,634.4974300183892,True
85-48,2023,0051,0052,1.644454,1.95062,0.619042,37.644227202463554,31.735653279470117,89.5846104613803,611.9446536519641,True
85-48,2023,0052,0053,1.95062,2.149808,0.741791,38.02847299832874,34.504988352448215,85.58427171493997,609.5092339966297,True
85-48,2023,0053,0054,2.149808,2.275553,0.818497,38.07302791691165,35.969146840350454,93.58952999366193,605.715574106335,True
