route,year,field5,n,mean_pct,median_pct,max_pct,median_dist_m,median_bearing,frame_steps
82-11,2021,0023,3,30.421374953013924,30.421374953013924,53.21733184582718,518.2544898846004,0.20580026542094743,"[1, 2]"
82-11,2021,0024,3,8.471806553131156,8.471806553131156,8.500341338452284,689.5036216009652,179.91714403955453,[2]
82-11,2021,0025,7,22.636106598961685,22.635135135135137,23.214285714285715,345.75525042527374,180.0404377096252,[1]
82-11,2021,0026,7,22.56884216602354,22.640564369534072,23.17181559798388,345.2530794235282,179.83524254686375,[1]
82-11,2021,0027,3,8.17639598991413,8.17639598991413,8.854942371425889,691.0023485203077,180.0827369245119,[2]
82-13,2021,0024,11,21.301920035302746,22.741124104698017,33.87818361933979,308.5263359228481,359.39596830279936,"[3, 4, 7, 43]"
82-13,2021,0025,12,23.91622218936002,23.090965396965103,58.372270742358076,308.0259729308553,179.90728846358104,"[2, 3, 6]"
82-13,2021,0026,11,18.945060116377476,22.457729861116544,22.75711159737418,309.5036348736473,0.5570032508113627,"[3, 4, 6, 7]"
82-16,2021,0024,3,18.626164265789683,18.626164265789683,18.800858445855315,258.76257414279075,0.5538885981942769,[1]
82-16,2021,0025,4,19.21773830673176,19.32919621749409,19.32919621749409,258.01211211879183,179.5558555668881,[1]
82-16,2021,0026,4,19.164058587301295,19.0625,19.38973493350151,258.5,359.55499318516183,[1]
82-16,2021,0028,2,6.371762350951666,6.371762350951666,6.371762350951666,514.5021865842749,359.8329573843191,[2]
82-19,2021,0022,8,50.54792207792207,50.76467532467532,51.763636363636365,344.0058139043583,180.16655702942145,[1]
82-19,2021,0023,8,50.52703153988869,50.38272727272727,51.66909090909091,347.0014409191985,1.1934894239820437,[1]
82-19,2021,0024,8,50.62836734693878,50.525454545454544,51.527142857142856,346.0014450836875,180.0,[1]
82-20,2021,0023,4,55.61209150326797,55.56843137254902,55.71720588235294,532.0084585793726,180.10749664593945,[1]
82-20,2021,0024,4,55.70624183006536,55.63392156862745,55.85088235294118,532.0009398487939,359.783381827889,[1]
82-21,2021,0004,3,59.591617647058825,59.591617647058825,59.666666666666664,483.04200878685026,0.5348569496420339,[1]
82-21,2021,0005,2,52.13598039215686,52.13598039215686,52.13598039215686,524.0009541976044,180.10934295793237,[1]
82-21,2021,0006,4,54.83758764111705,55.81828877005348,56.73368983957219,482.12550233315807,1.3073530947800691,[1]
82-22,2021,0029,12,77.87886002886002,77.85714285714286,78.11174603174604,154.00324671902212,0.7538483330707777,[1]
82-22,2021,0030,12,77.74836940836941,77.70873015873016,78.14285714285714,154.02921800749365,1.1160103914072579,[1]
82-22,2021,0031,11,75.59379365079364,77.87,78.05603174603175,154.0081165922249,180.18602264360163,"[1, 2]"
82-22,2021,0032,10,72.99194003527336,77.85714285714286,78.0,155.0,359.6279547127967,"[1, 2]"
82-22,2021,0033,12,77.92907647907647,77.96920634920635,78.14285714285714,154.0,180.0,[1]
82-24,2021,0019,5,34.126555555555555,43.364222222222224,49.77777777777778,271.69305454634247,179.80487645352997,"[1, 4072]"
82-24,2021,0020,5,50.89461805555556,52.709375,56.355555555555554,257.52584489495814,182.85563525748333,[1]
82-24,2021,0021,7,38.45586574074074,46.460625,48.0795,265.6175345854193,7.002317493342218,"[1, 3]"
82-24,2021,0022,15,29.03364271808825,23.898430870673103,100.0,262.5030929608753,180.2711933221716,"[0, 1, 2, 5, 12]"
82-24,2021,0023,12,21.130892266201247,23.396896330078665,25.19408403721591,256.00439449353206,359.66230776379143,"[1, 6]"
82-24,2021,0024,12,21.996713285466626,24.05665853941716,25.585949089182936,257.09531306501873,0.5541005153679635,"[1, 7]"
82-24,2021,0025,3,21.587561690577083,21.587561690577083,22.02926178006868,260.7559971308835,359.6153095263751,[1]
82-24,2023,0002,4,53.78731777802304,53.90243902439025,53.93153377439906,567.5019823753922,0.15144223634547416,[1]
82-24,2023,0003,5,53.496520679047514,53.51911683156662,53.74138578558468,569.0081282310919,180.1765279984952,[1]
82-24,2023,0005,3,54.551301567037356,54.551301567037356,54.68497576736672,548.5148096032535,179.58221887918955,[1]
82-24,2023,0006,3,54.9588833564348,54.9588833564348,55.1500405515004,550.0040908786631,179.84374033281648,[1]
82-24,2023,0007,8,46.906116101969744,54.73047798629194,55.20662847790507,552.5081447363469,180.15640301328324,"[1, 5]"
82-24,2023,0008,10,48.455281733390436,54.77424961959788,55.42168674698795,553.5508106759487,0.7763180661212346,"[1, 5]"
82-24,2023,0009,4,35.94629442069986,53.75018598962813,54.08869727247144,565.5079575036942,180.20444437589603,"[1, 33]"
82-24,2023,0010,2,53.755072705757655,53.755072705757655,53.755072705757655,560.5109276365627,0.3577745260972165,[1]
82-24,2023,0011,7,53.683130233598,53.696771287807934,53.999521964013596,562.0001112099424,180.0507947562013,[1]
82-24,2023,0012,8,53.929228964242206,53.98698278160307,54.4826753657941,560.5109276365627,0.3577745260972165,[1]
82-24,2023,0013,7,53.232262890362996,53.418179634717035,53.58069700908098,562.7599989661321,180.10174594010496,[1]
82-24,2023,0014,6,53.39259814420988,53.40078132825804,53.56194783716253,562.5055555281209,0.25464623227287575,[1]
82-24,2023,0016,2,53.30328638497652,53.30328638497652,53.30328638497652,560.0002232142413,0.05115693239980601,[1]
82-24,2023,0017,3,52.96577387901874,52.96577387901874,53.1422055432165,559.5010062593693,180.07687250714952,[1]
83-25,2021,0014,4,19.668922585794874,6.0453564542285445,52.961411303156076,667.0016866545392,358.9749914512997,"[1, 2, 930]"
83-25,2021,0015,6,12.17565191395614,18.1104142565181,18.817708253299937,338.01331334727035,179.31590379885802,"[1, 2, 1092]"
83-25,2021,0016,4,21.461344033951537,5.734724678334045,53.08988764044944,672.0150667953808,180.38367136013864,"[1, 2]"
83-25,2021,0017,8,18.918293211696078,18.96711050912626,19.236075525247347,336.0535671585707,0.8563753785454651,[1]
83-25,2021,0018,8,19.25119157993974,19.25964728479134,19.46503404924044,334.5059790198077,180.34155052655703,[1]
83-25,2021,0022,9,52.62110792841981,52.62050599225641,52.80898876404494,336.75241207160906,180.1275131414468,[1]
83-25,2021,0023,13,52.92681155713455,52.9130125772594,53.264499992374446,336.01264838611036,359.74268478686747,[1]
83-25,2021,0024,15,52.9528899048728,52.938952350450165,53.212290502793294,336.00334819760354,179.7865926498054,[1]
83-25,2021,0025,11,47.61523596952386,52.86263789100952,53.28671328671329,336.0024181447732,0.3400942250503647,"[1, 4]"
83-25,2021,0026,12,52.864865694127595,53.05555555555556,53.294878008962506,336.0133925902359,179.40140915745792,[1]
83-25,2021,0027,12,53.0234881524483,52.92479108635097,53.41028930827188,336.5237733058395,180.0,[1]
83-26,2021,0012,9,16.712953839152064,13.49268514418186,52.92537036846386,496.03716208626986,180.13228114277797,"[1, 2]"
83-26,2021,0013,10,14.26341974318725,20.149126451358974,20.377067918469915,331.03776219639957,180.25770041900023,"[1, 2]"
83-26,2021,0014,8,12.03453448697836,7.821785701576457,20.85657995676128,655.5001906940989,359.7407448484986,"[1, 2]"
83-31,2021,0039,3,8.898635477582847,8.898635477582847,8.908382066276802,622.7545151491925,359.79301882517655,"[6, 46]"
83-31,2021,0040,4,14.99444121687993,22.339390006489293,22.643933644150493,311.50642047957854,0.3690498366783572,"[3, 6]"
83-31,2021,0041,3,9.176839957925605,9.176839957925605,9.312466133299333,622.0040244511174,179.81562174172308,"[6, 46]"
83-31,2021,0042,4,9.458723890816747,9.166925930357785,10.333333333333334,622.0098471889332,0.32240050129337305,[6]
83-31,2021,0043,5,28.33779266354587,22.693266832917708,58.35411471321696,310.2502019384789,180.0461690007325,"[3, 6]"
83-34,2021,0012,6,50.73116883116883,50.57597402597403,51.90584415584416,345.0130432317016,179.50178838738634,[1]
83-34,2021,0013,4,34.52116883116883,50.81090909090909,52.04805194805195,344.00145348530145,0.34206029135850713,"[1, 2]"
83-34,2021,0014,6,51.116701298701294,51.19246753246753,51.81103896103896,341.00586505220116,180.0,[1]
83-34,2021,0024,5,50.62422077922078,50.6937012987013,51.285714285714285,344.5072150212852,179.75232989028194,[1]
83-34,2021,0025,5,50.60363636363637,51.003376623376624,51.42857142857143,342.01900486997386,179.2747182544322,[1]
84-40,2021,0028,2,19.160153738444613,19.160153738444613,19.160153738444613,316.0035601065279,359.72802840578703,[4]
84-40,2021,0029,4,19.599011479591837,19.599011479591837,19.853544096209912,315.0063491423625,179.6373733260375,"[3, 4]"
84-40,2021,0030,5,19.2721416012057,19.128065628425283,19.948849104859335,316.2661922370639,0.5880299107001008,[4]
84-40,2021,0031,3,20.886223642213096,20.886223642213096,21.102576075072886,309.7605019603287,179.53734896812045,"[3, 4]"
84-40,2021,0037,8,48.164702380952384,48.166666666666664,48.5,311.0,180.0,"[3, 4]"
84-40,2021,0038,8,40.926084656084655,47.67388888888889,48.05962962962963,313.01437666663173,359.45606906720855,"[3, 4, 7]"
84-40,2021,0039,9,47.67930555555556,47.33759259259259,49.00277777777778,315.5039657084411,179.53965759963296,"[2, 3]"
84-40,2021,0040,5,48.40675925925926,48.36527777777778,48.67055555555555,309.0105175938784,179.53645324104565,"[2, 3]"
84-40,2021,0041,6,22.2452882666344,22.281306336015476,22.563475271092305,309.5036348736473,0.3684565253377059,"[3, 4]"
84-40,2021,0042,8,22.107189748396046,22.337262602805467,23.05764411027569,309.00161811874057,180.0,"[2, 3, 4043]"
84-40,2021,0043,8,20.67244124497953,20.739938728731378,21.0591927805879,315.03214121736846,359.27362649863204,"[3, 43]"
84-40,2021,0044,8,20.738079097581505,20.65491183879093,20.906801007556677,315.0,180.0,"[2, 3]"
84-40,2021,0045,10,34.1148171043545,35.82259825327511,48.44611111111111,311.50160513230105,0.18393445485401116,"[3, 4]"
84-40,2021,0047,9,38.17758157128685,42.223703703703706,48.11314814814815,314.0039885043624,0.18393492874741924,"[2, 3]"
84-40,2021,0049,13,20.61132013493432,21.305194752709724,34.19776119402985,316.75493178394595,179.95474270786036,"[3, 14, 43]"
84-40,2021,0051,16,18.07244993085355,20.72739651416122,21.399659891665173,317.0141952657641,0.5422151649463558,"[3, 12, 55]"
84-40,2021,0053,7,17.787572661467177,21.22242050616483,21.78870657230726,316.5081048623441,179.6849085477965,"[3, 79]"
84-40,2023,0125,15,54.80031760339525,54.83892914026997,55.14425981765228,325.0015384578972,180.30784243801503,"[3, 4]"
84-40,2023,0126,15,54.73345917275973,54.79995430790759,55.06782419967444,324.7692408223245,359.07466058177044,"[2, 3]"
84-40,2023,0127,15,54.5931203162993,54.67877276013746,55.013927576601674,324.5009630180874,180.0,"[3, 4, 43]"
84-40,2023,0132,9,53.10667392887035,53.173531954603966,53.51724137931034,338.51071969192856,1.178601895085336,[3]
84-40,2023,0133,8,52.86249195703745,52.80778463648834,53.223593964334704,339.01327407639957,180.25314612677334,"[3, 4]"
84-40,2023,0134,8,53.29827851186219,53.30578512396694,53.6551724137931,339.00036873136287,0.16976477583574479,"[3, 4, 43]"
84-40,2023,0135,8,53.01973660210261,52.97684792296572,53.29793466699278,337.01817458410164,178.81005106785756,"[3, 4]"
84-40,2023,0136,9,53.00558841313162,52.98090295589526,53.223878558133976,338.0184901127684,0.6750309605732241,[3]
84-40,2023,0137,18,50.87758949609963,54.130048183536644,54.956977341015126,329.00607897119465,180.1757533736399,"[3, 4, 767]"
84-40,2023,0138,18,50.95150030928508,53.70148728827981,55.48290830168204,334.51345264428454,0.5932782875270277,"[3, 4, 686]"
84-40,2023,0139,9,54.696890911051696,54.65279818332758,55.34454693434618,327.00152904841286,180.17561962565404,"[3, 4, 43]"
84-40,2023,0140,23,51.56919188653494,53.67334490814565,55.386740331491715,335.503353187416,0.21595879803513185,"[3, 4, 43, 4538]"
84-40,2023,0141,22,50.57968178583842,52.603502631029926,54.46372780230191,336.6485556184669,180.08734105965317,"[3, 4, 43, 4597]"
84-40,2023,0142,23,51.113897167342685,53.48189415041783,54.046855520404705,334.0,359.6970796896496,"[2, 3, 43, 508]"
84-40,2023,0143,23,50.78880682532681,53.11162659613675,53.98052155677756,334.51889809364343,180.03473478514218,"[3, 4, 43, 599]"
84-40,2023,0144,15,53.43801662214996,53.46296084758831,53.84160029741053,335.00970133128664,180.1258204059724,"[2, 3]"
84-40,2023,0146,15,53.31467629256353,53.31548393554199,53.675450762829406,336.0037202100858,180.0,"[3, 4]"
84-40,2023,0148,14,52.627938142176795,52.60615194983103,52.97053127820471,337.50592587390224,0.34003030776295873,"[2, 3]"
84-40,2023,0151,9,52.930400346257834,52.95519930737278,53.26842837273992,336.75964269909906,180.12824813523682,[3]
84-40,2023,0152,9,52.79829017258808,52.83564512667003,53.14685314685315,337.0001857354101,179.87292578309564,"[3, 4, 44]"
84-40,2023,0153,9,52.77147208958773,52.82940519988226,53.093942586632416,337.52686033046064,1.1480263532573645,[3]
84-40,2023,0154,8,52.81501489556357,52.76809746423006,53.05082228116711,338.1478966369597,178.4724745577871,"[3, 4]"
84-40,2023,0206,17,52.8392026550248,52.85859008391543,53.50817030080379,269.28432040392283,180.2680393185539,"[2, 3, 43]"
84-40,2023,0207,17,53.23020837628242,53.264644738767586,53.726169844020795,269.2574279447984,359.68228065810274,"[2, 3]"
84-40,2023,0208,17,53.075694429907216,53.10147406618404,53.58903070895994,269.0004646836135,180.10689498700776,"[2, 3]"
84-40,2023,0209,17,53.40041685013334,53.38024202914171,54.03638621379692,268.0046641239078,180.21903751259558,"[2, 3, 43]"
84-40,2023,0210,17,53.24376904537381,53.13588850174216,53.937101928772016,269.0011617066256,180.05275848502674,"[2, 3, 43]"
84-40,2023,0211,16,53.42678966210124,53.471768983843255,54.0587219343696,268.51163848146325,0.21064529915537378,"[2, 3, 43]"
84-41,2021,0002,6,48.03703703703703,48.00611111111111,48.166666666666664,311.01446911679204,0.5526752649481637,"[5, 46]"
84-41,2021,0003,6,38.614111111111114,48.172222222222224,48.44611111111111,310.01451578918045,180.18542258734394,"[4, 110]"
84-41,2021,0004,4,16.075308641975308,0.0,48.22592592592593,619.0395787023638,179.630354938153,"[4, 7, 8]"
84-41,2021,0016,6,48.324481481481484,48.39222222222222,48.504444444444445,309.00647242412253,0.5580581267715843,"[5, 6, 45]"
84-41,2021,0017,6,47.95974074074075,48.05962962962963,48.504444444444445,311.00643080167976,180.36493633573062,"[3, 4]"
84-41,2021,0018,5,48.22578703703704,48.16962962962963,48.67055555555555,310.50402185035483,0.3678660663379105,"[5, 46]"
84-41,2023,0113,15,53.85482073329663,53.820520067834934,54.21431094158367,334.2593557559078,179.95698518284144,"[3, 4]"
84-41,2023,0114,15,53.7162691119065,53.98815199871731,54.41461654677881,333.75299847379057,180.30116977551245,"[3, 4, 44]"
84-41,2023,0115,14,53.66670865901142,53.817753382748265,54.33987119437939,335.01343256651666,0.34308439952354775,"[3, 4, 44]"
84-41,2023,0116,14,53.60695709143428,53.55191256830601,53.86503050209847,335.0059700960566,179.74345344801577,"[3, 4, 44]"
84-41,2023,0117,15,53.96386504175333,53.974605861813565,54.14705683660602,334.0024326245613,0.47161161559381526,"[3, 4, 43]"
84-41,2023,0118,18,50.80513847036021,54.22874671340929,54.55801104972376,332.50338344143205,179.82716257701293,"[3, 4, 44, 703]"
84-41,2023,0119,17,50.37580500110877,53.58212567452411,54.70240033987113,336.53190002187677,0.6821907971673511,"[3, 4, 44, 673]"
84-41,2023,0124,15,54.783490464741654,54.80603423826109,55.14033352176371,326.7792040614512,180.08707639018172,"[3, 4, 44]"
84-42,2021,0031,6,50.447792207792205,49.86935064935065,52.518181818181816,349.05157212079706,179.01506930104506,[1]
84-42,2021,0032,6,50.34709090909091,50.72727272727273,50.857142857142854,344.0,357.8482805279471,[1]
84-42,2021,0033,5,50.906915584415586,51.04818181818182,51.33701298701299,342.50073099258964,180.24840675272424,[1]
85-45,2023,0024,9,77.46015948008736,77.56950011044816,80.16917502787068,159.71330776460735,182.95177312749112,[1]
85-45,2023,0025,10,76.27695494632081,77.24340224053186,78.43095477386935,159.75371670167803,5.260022215670972,[1]
85-45,2023,0026,22,74.42218135606704,78.04370084561583,78.6170364631481,159.02829936838287,180.0,"[1, 201]"
85-45,2023,0027,19,74.19469564220516,78.4673694208374,79.51807228915662,158.54455198787025,1.3622251290086638,"[1, 201]"
85-45,2023,0028,11,78.41551918613906,78.34889808475862,78.70764969102919,159.26139381945342,180.4524370374831,[1]
85-45,2023,0029,9,78.15539120511568,78.15652270053707,78.61645755509768,159.2790543102558,1.079501818942191,[1]
85-48,2023,0051,7,78.95341447570745,78.88768277985793,79.40933787288168,156.5015974277842,179.45068196831363,[1]
85-48,2023,0052,9,78.72693033608329,78.74565700110219,79.13907102924863,156.00320509528,0.7440670441976351,[1]
85-48,2023,0053,10,78.25162094957106,78.51990080561038,78.76035586129348,159.00078616157845,179.820389994253,[1]
85-48,2023,0054,11,78.55956945428991,78.57506872817025,78.9544235924933,158.26778803950765,0.7218861064548605,[1]
