cell,macro_iou_all,macro_iou_clean,d_macro_iou,macro_f1_all,macro_f1_clean,d_macro_f1,acc_all,acc_clean,d_acc,px_all,px_clean,n_macro_all,n_macro_clean,excluded_clean,published_macro_iou,inferred_paths,iou_all_asfalt,iou_clean_asfalt,d_asfalt,iou_all_fliser,iou_clean_fliser,d_fliser,iou_all_grus,iou_clean_grus,d_grus,iou_all_ubefestet,iou_clean_ubefestet,d_ubefestet,iou_all_green_roof,iou_clean_green_roof,d_green_roof,iou_all_drivhus,iou_clean_drivhus,d_drivhus,iou_all_betonflade,iou_clean_betonflade,d_betonflade,iou_all_brosten,iou_clean_brosten,d_brosten,iou_all_solceller,iou_clean_solceller,d_solceller
convnext_upernet_6ch_corrected,0.31104006631493875,0.2726983082982756,-0.03834175801666312,0.3974893166948475,0.3530327807864431,-0.04445653590840437,0.926695979719147,0.9264895869109631,-0.00020639280818390837,12194633781,11584110063,9,9,,0.31104006631493875,True,0.5210626862830215,0.47875983946328804,-0.04230284681973351,0.24190053752416713,0.1972226842159554,-0.044677853308211724,0.20490973106877164,0.12430053507282844,-0.0806091959959432,0.9479034855015324,0.9475453650519879,-0.000358120449544419,0.00133495942262314,0.0013351891448846085,2.297222614685429e-07,0.20770544974872177,0.14577960140679952,-0.061925848341922246,0.008391864862454908,0.006650133802846583,-0.001741731059608325,0.021516693639687407,0.021372954341284802,-0.00014373929840260508,0.6446351887834688,0.5313184721846054,-0.11331671659886344
unet_resnet34_6ch_corrected,0.20251861006969976,0.16807882135916466,-0.0344397887105351,0.25939658651741654,0.21355161396682,-0.04584497255059655,0.879703852174255,0.8811457419247416,0.0014418897504866468,12194633781,11584110063,9,9,,0.20251861006969976,True,0.3854391638255317,0.34906317898956385,-0.03637598483596788,0.08247168571894203,0.07458615700009333,-0.007885528718848706,0.060889578231786146,0.04587931997305648,-0.015010258258729668,0.9231654456446867,0.9233877840204048,0.00022233837571805637,0.0,0.0,0.0,0.003984570124333724,0.0030078744737500793,-0.0009766956505836443,0.00024185980191168514,0.0002431193957681996,1.259593856514456e-06,0.0067450247079582065,0.006753082784128174,8.058076169967926e-06,0.3597301625721475,0.10978887559571707,-0.24994128697643045
convnext_upernet_rgb_ndsm,0.3625495330327985,0.3308743414935757,-0.031675191539222824,0.4638548122329993,0.42602881858140784,-0.03782599365159145,0.9336633363881418,0.9341014033146795,0.00043806692653769463,12194633781,11584110063,9,9,,0.3625495330327985,True,0.5768722596493924,0.5488762179008687,-0.02799604174852366,0.2622169312329115,0.22353910550930345,-0.03867782572360806,0.20119779034751686,0.11122216479061858,-0.08997562555689828,0.9584182631770601,0.9588370654821242,0.000418802305064081,0.006061575520343257,0.00606259473784595,1.01921750269348e-06,0.2315942879775026,0.16827470431133154,-0.06331958366617105,0.14524879214187522,0.1436793750644204,-0.00156941707745481,0.11293471338824347,0.11296159712162689,2.6883733383414876e-05,0.7684011838603408,0.7044162485240415,-0.06398493533629934
convnext_upernet_10ch,0.3446638436049828,0.31367848503313034,-0.030985358571852473,0.43476343512911486,0.3986682513443293,-0.036095183784785545,0.9374200568295032,0.9378007214985489,0.00038066466904562724,12194633781,11584110063,9,9,,0.3446638436049828,False,0.5847095644868506,0.5547051894749914,-0.030004375011859263,0.23945572920376376,0.1903917459385673,-0.049063983265196454,0.2519705258840174,0.17935422500478124,-0.07261630087923618,0.9664220159837353,0.9672961702890707,0.0008741543053353285,0.0024170433641821265,0.002418378901411337,1.3355372292106482e-06,0.19742969481559047,0.13907481199628488,-0.05835488281930559,0.10041007847156849,0.09786577585586118,-0.0025443026157073168,0.0174673630337304,0.01726088170266246,-0.00020648133106793837,0.7416925772014069,0.6747391861345433,-0.0669533910668636
convnext_upernet_rgb,0.35864188131114566,0.3286626712072063,-0.029979210103939335,0.45925813657161263,0.4251488106367032,-0.03410932593490945,0.9336311235306625,0.9341249346000797,0.0004938110694172604,12194633781,11584110063,9,9,,0.35864188131114566,False,0.5754756822938513,0.5453168728419755,-0.030158809451875768,0.24247727353681545,0.2073173064108339,-0.035159967125981545,0.215909024393146,0.1352632268534179,-0.08064579753972809,0.9581740302860081,0.958478877414725,0.000304847128716923,0.008268167687035132,0.008385614514619001,0.0001174468275838697,0.2414465089007885,0.18745317202866266,-0.05399333687212585,0.15258688082637284,0.15514559604599312,0.0025587152196202834,0.08094663730472003,0.0809690530752392,2.2415770519174094e-05,0.752492726571574,0.6796343216793906,-0.07285840489218331
convnext_upernet_rgb_unw,0.33357983040412104,0.3037766031443099,-0.02980322725981116,0.42863644520879624,0.39477783990383014,-0.033858605304966094,0.9304994793430771,0.9306682828778299,0.00016880353475279275,12194633781,11584110063,9,9,,0.33357983040412104,False,0.5662414559799555,0.5362355504217563,-0.030005905558199153,0.25019797211251155,0.2124260384959301,-0.03777193361658146,0.20345248353071507,0.10671131050882457,-0.0967411730218905,0.9533407707054588,0.9533066292840798,-3.414142137891929e-05,0.012375595977595275,0.012376736727894227,1.1407502989516094e-06,0.10495566302897598,0.0956138906845366,-0.009341772344439378,0.12022592991104472,0.12016109506457513,-6.483484646958859e-05,0.09148263085384305,0.09142622765164882,-5.640320219423012e-05,0.6999459715369895,0.6057319494595429,-0.09421402207744656
convnext_upernet_10ch_unw,0.33066596576859575,0.30100064137837756,-0.029665324390218184,0.4172046488264539,0.3829967640483734,-0.03420788477808051,0.935849365216784,0.9366555464330623,0.00080618121627829,12194633781,11584110063,9,9,,0.33066596576859575,False,0.5709083693793778,0.5443786596523689,-0.026529709727008965,0.22326727023452697,0.17299020882757293,-0.05027706140695404,0.2694344855937085,0.18998900992707332,-0.07944547566663515,0.9612472576637136,0.9629415727911895,0.001694315127475976,0.0006681000364735198,0.0006681000364735198,0.0,0.11694460676345875,0.08472734603366597,-0.03221726072979278,0.08639151638110451,0.08492826166468342,-0.0014632547164210863,0.02582411355326336,0.025609777408206334,-0.0002143361450570279,0.721307972311735,0.6427728360641645,-0.07853513624757058
convnext_upernet_6ch,0.3374343528628417,0.3094848451570712,-0.027949507705770482,0.4257676871295344,0.39240377560736284,-0.03336391152217155,0.9275252146253854,0.9280746984042187,0.0005494837788333484,12194633781,11584110063,9,9,,0.3374343528628417,False,0.528788615551776,0.49390473511067645,-0.03488388044109958,0.20319029885719178,0.17393213809256175,-0.02925816076463003,0.20184735996635159,0.13620083913201586,-0.06564652083433573,0.9558735169739846,0.9559629817216247,8.946474764015555e-05,0.0,0.0,0.0,0.19828028556303656,0.13301893368912696,-0.0652613518739096,0.1363251943063053,0.1367028063610499,0.00037761205474459714,0.015909946857352336,0.01575459643197437,-0.0001553504253779675,0.7966939576895766,0.739886575874611,-0.056807381814965585
swin_upernet_rgb,0.29817191814481103,0.27116187092550326,-0.027010047219307776,0.3897239180485555,0.36112094043422055,-0.028602977614334946,0.9174672670721673,0.9185666193717344,0.0010993522995671468,12194633781,11584110063,9,9,,0.29817191814481103,False,0.49467308499569596,0.46685962162857453,-0.027813463367121427,0.20244376717269336,0.18014955215775127,-0.02229421501494208,0.2183341981438819,0.16190263706772243,-0.05643156107615949,0.9434721814107448,0.9443209582725434,0.000848776861798517,0.020314120142533067,0.02032448344570955,1.0363303176483263e-05,0.11304608600524597,0.10963753700543169,-0.0034085489998142843,0.030183223853428552,0.030433978905864006,0.0002507550524354536,0.07440270645910876,0.07463825721656434,0.00023555075745557152,0.586677895119967,0.4521898126293679,-0.13448808249059913
segformer_b1_6ch,0.268705916556842,0.2422142174633549,-0.026491699093487114,0.346996770906184,0.31833893151340803,-0.028657839392775997,0.914946827873092,0.9174505382977731,0.002503710424681116,12194633781,11584110063,9,9,,0.268705916556842,False,0.42431527295496396,0.3964091290486825,-0.02790614390628149,0.15948782870291753,0.1459711400046382,-0.013516688698279322,0.19221357470089298,0.14842685537354336,-0.04378671932734962,0.944501272877901,0.9449035504350781,0.0004022775571771442,0.0,0.0,0.0,0.061846063219959106,0.05175095951900919,-0.010095103700949917,0.020598962407222594,0.019065452448660283,-0.0015335099585623117,0.03422308623455578,0.03428487433160875,6.178809705296995e-05,0.5811671879131654,0.4391159960089734,-0.14205119190419196
convnext_upernet_6ch_unw,0.32076970125630416,0.29462459273577224,-0.026145108520531923,0.40207807076850555,0.3716817594429258,-0.03039631132557974,0.9273314288961508,0.9275520519542909,0.0002206230581400792,12194633781,11584110063,9,9,,0.32076970125630416,False,0.5345064153162623,0.499581874071571,-0.0349245412446913,0.20715772104313615,0.17513974695702378,-0.03201797408611237,0.21005114738245192,0.13512944286443926,-0.07492170451801267,0.9556391474765781,0.9556715886899247,3.244121334666783e-05,0.0030658389392953633,0.0030658389392953633,0.0,0.11328542200621912,0.08809438473831749,-0.02519103726790163,0.08533596153266608,0.08350506553579659,-0.0018308959968694888,0.009210403291416088,0.009094219522698184,-0.00011618376871790417,0.7686752543187124,0.7023391733028839,-0.06633608101582855
swin_upernet_6ch_corrected,0.2955358483633255,0.270314281277381,-0.02522156708594453,0.3711335446434007,0.3431502372966934,-0.027983307346707287,0.9254616838583355,0.9264364358275694,0.0009747519692339113,12194633781,11584110063,9,9,,0.2955358483633255,True,0.5271594811542635,0.49043430656124276,-0.036725174593020715,0.16333888497424479,0.13526325658894445,-0.02807562838530034,0.16212866549684812,0.10391436398701386,-0.05821430150983427,0.9539357770144096,0.9543214583357655,0.00038568132135596844,0.0,0.0,0.0,0.0907139668588229,0.08058381709153256,-0.010130149767290333,0.007691729489223163,0.007703966817904163,1.2237328680999963e-05,0.058892817025282325,0.058937699894369186,4.4882869086861066e-05,0.6959613132568354,0.6016696622196565,-0.09429165103717896
unet_resnet34_6ch_unw,0.24313710530305846,0.21882492021488895,-0.024312185088169513,0.3041150558778402,0.27886015123588187,-0.025254904641958342,0.9027292146445476,0.9046591676016951,0.001929952957147485,12194633781,11584110063,9,9,,0.24313710530305846,False,0.4397330270832366,0.411813429977445,-0.02791959710579156,0.1153923166617278,0.10692437717088381,-0.008467939490843998,0.11326871005701065,0.08518056892120587,-0.02808814113580478,0.941866180418328,0.9422030777534215,0.00033689733509345565,0.0,0.0,0.0,0.0,0.0,0.0,0.0008180950466317979,0.0008252981508518655,7.203104220067586e-06,0.010421030665738512,0.010457194457723855,3.6163791985342406e-05,0.5667345877948529,0.41202033550246847,-0.1547142522923844
unet_resnet34_rgb_unw,0.2593475516900786,0.23548424194614168,-0.02386330974393694,0.3273566855302998,0.3028752570481044,-0.024481428482195366,0.9019201298309165,0.9035916172303032,0.0016714873993867174,12194633781,11584110063,9,9,,0.2593475516900786,False,0.5001073968450815,0.4825685752286771,-0.017538821616404465,0.15263190851407576,0.1362827228923095,-0.016349185621766266,0.14753318819303457,0.1228085391238778,-0.024724649069156765,0.933220091012861,0.9333386318809319,0.00011854086807094877,0.0017610871224163177,0.0017691429196670975,8.055797250779801e-06,0.0,0.0,0.0,0.025504988014934334,0.025875025332354924,0.00037003731742058996,0.008471894166117815,0.008650235807759955,0.00017834164164214072,0.5648974113421862,0.40806530432969657,-0.15683210701248962
segformer_b1_rgb_unw,0.27510195253790126,0.251482613267656,-0.023619339270245288,0.3515769833778308,0.3278478952508134,-0.02372908812701735,0.915130403209605,0.9176561312166117,0.002525728007006678,12194633781,11584110063,9,9,,0.27510195253790126,False,0.45185114123135933,0.4339075444855103,-0.017943596745849055,0.20519183536730828,0.19357534515239896,-0.01161649021490932,0.2453027452571398,0.20717334613533026,-0.03812939912180954,0.949106122149489,0.9496108470832516,0.0005047249337626347,0.0,0.0,0.0,0.0026761388467868665,0.003236158618999107,0.0005600197722122405,0.006959663619917781,0.006790147871923303,-0.0001695157479944774,0.0470841838431337,0.047440204774164045,0.00035602093103034166,0.5677457425259762,0.4216099252873263,-0.14613581723864988
swin_upernet_10ch,0.31342432249001617,0.2902566950048128,-0.023167627485203346,0.39800232221170184,0.3731858872853942,-0.02481643492630764,0.9298906654882841,0.9313327864916713,0.0014421210033871423,12194633781,11584110063,9,9,,0.31342432249001617,False,0.5519892703729311,0.5282570249964027,-0.023732245376528405,0.17608343964631798,0.14550995390236734,-0.030573485743950635,0.2510254175566502,0.20432079866105496,-0.04670461889559524,0.9593881005774948,0.9601031963755328,0.000715095798037968,0.0,0.0,0.0,0.12879192676940993,0.11126582135622104,-0.017526105413188886,0.06733314988484733,0.06787309684549445,0.0005399469606471169,0.017857694189925853,0.01787252814168035,1.4833951754496949e-05,0.6683499034125684,0.577107834764562,-0.09124206864800644
unet_resnet34_6ch,0.24769933999388602,0.22461689121205566,-0.023082448781830356,0.3134093423160293,0.2891059164616052,-0.024303425854424077,0.8977464573029805,0.9005286699855831,0.0027822126826025917,12194633781,11584110063,9,9,,0.24769933999388602,False,0.4143335057249585,0.39372169151646796,-0.02061181420849051,0.09741145802410764,0.09101630159502655,-0.006395156429081089,0.11771831387214647,0.09416300085142174,-0.023555313020724736,0.937492765878692,0.9378590442400782,0.0003662783613861409,0.0,0.0,0.0,0.07388612628627034,0.06102100657457678,-0.01286511971169356,5.52833987691588e-05,5.405607438880128e-05,-1.2273243803575225e-06,0.0002365086777015792,0.00023370717258218126,-2.8015051193979444e-06,0.5881600980823284,0.4434832128839589,-0.14467688519836946
segformer_b1_rgb,0.2975586407422794,0.27499527520621114,-0.022563365536068247,0.38920603540389576,0.36605230113426424,-0.02315373426963152,0.921323789772609,0.9247768488678939,0.003453059095284927,12194633781,11584110063,9,9,,0.2975586407422794,False,0.4852347695774886,0.47477478791830535,-0.01045998165918327,0.18755653149566875,0.176040268753647,-0.011516262742021749,0.2429371368774038,0.211610282386228,-0.03132685449117578,0.9581432212315895,0.9592256001334951,0.0010823789019056562,0.0065068262232017065,0.006516797889223321,9.971666021614707e-06,0.09383198954368674,0.0843935719631023,-0.009438417580584432,0.0580190104297752,0.05924747700302119,0.0012284665732459898,0.0789196164058176,0.07925665512833042,0.0003370387225128252,0.5668786648958822,0.4238920356805478,-0.14298662921533445
segformer_b1_6ch_unw,0.2563891020302333,0.23382611795306152,-0.022562984077171777,0.32494427991164915,0.30071617974066894,-0.024228100170980205,0.9177902863666161,0.9211811679072096,0.0033908815405935266,12194633781,11584110063,9,9,,0.2563891020302333,False,0.4695101402642723,0.45521230994431167,-0.014297830319960625,0.17432158038149595,0.16102411341748113,-0.01329746696401482,0.1490791455922721,0.11415403667822832,-0.03492510891404377,0.9464009130943639,0.9473141878109972,0.0009132747166332722,0.0,0.0,0.0,0.000407801218517558,0.0004942568267800649,8.645560826250686e-05,0.011673591137163578,0.011813975863229128,0.00014038472606555004,0.01589899059393145,0.015911790867554895,1.2800273623443659e-05,0.5402097559900827,0.39851039016897155,-0.14169936582111115
unet_resnet34_rgb,0.2694505591767507,0.24695537313711638,-0.022495186039634324,0.3454182485663936,0.322287977750129,-0.023130270816264564,0.897261824381145,0.8995537301810942,0.002291905799949201,12194633781,11584110063,9,9,,0.2694505591767507,False,0.49898583342299707,0.4881103849384305,-0.010875448484566563,0.15688927386006532,0.1461177583142675,-0.010771515545797833,0.13614883184086454,0.1130725379552788,-0.02307629388558574,0.9289722539853827,0.9293369679565436,0.00036471397116089044,0.000623868365045583,0.0006279414773889912,4.073112343408176e-06,0.08493003138700259,0.07743044924289183,-0.007499582144110756,0.030085948514607913,0.03050575541408371,0.00041980689947579766,0.009993117622354135,0.0102159555473431,0.00022283792498896567,0.5784258735924365,0.4271806073878197,-0.15124526620461676
swin_upernet_6ch_unw,0.29702765884888394,0.2760470126482809,-0.020980646200603026,0.37163929670846396,0.3497525138603286,-0.02188678284813539,0.9271945561511405,0.9291643240147622,0.0019697678636216853,12194633781,11584110063,9,9,,0.29702765884888394,False,0.5398567418401244,0.5165244161598942,-0.023332325680230248,0.15703003144351443,0.13726843535081862,-0.019761596092695816,0.17987430297798515,0.12779504913396966,-0.05207925384401549,0.9555974884616091,0.9563146580950062,0.0007171696333970745,0.0010714136533882847,0.0010714136533882847,0.0,0.01264840481982357,0.01267507567684607,2.6670857022499314e-05,0.10204950703661432,0.10249496065623322,0.0004454536196188963,0.02934824699172673,0.029369705843007302,2.1458851280572316e-05,0.6957727924151692,0.6009093992653649,-0.0948633931498043
swin_upernet_rgb_unw,0.3183258275593475,0.29738517934920966,-0.020940648210137858,0.40252083462072397,0.3805005437611261,-0.02202029085959789,0.9268666412607213,0.9283326033260255,0.0014659620653042493,12194633781,11584110063,9,9,,0.3183258275593475,False,0.5401231524261352,0.517731434624394,-0.022391717801741207,0.2046897965652536,0.18174581370041407,-0.022943982864839535,0.20696852308319041,0.13737133586912248,-0.06959718721406793,0.9537667882024125,0.9544413128966172,0.0006745246942047034,0.008515120695738808,0.008530957211349137,1.5836515610328714e-05,0.036466111084348954,0.04037869939296231,0.003912588308613359,0.08700000688244706,0.08803823463040263,0.0010382277479555613,0.09083455911916369,0.09107138151605647,0.00023682239689278017,0.7365683899754376,0.6571574443015687,-0.07941094567386886
unet_resnet34_10ch_unw,0.24228081151135417,0.22138269335607783,-0.02089811815527634,0.3010378712325948,0.2787929827434603,-0.022244888489134473,0.9117801270361905,0.9152725430212446,0.0034924159850541203,12194633781,11584110063,9,9,,0.24228081151135417,False,0.4975317876328007,0.4855447554242415,-0.011987032208559179,0.09359250453995542,0.0808031626300139,-0.01278934190994152,0.11616877298446292,0.09944259595302868,-0.01672617703143424,0.9458292003234244,0.9478334869750894,0.002004286651664966,1.7044590694607978e-05,1.7053345593551925e-05,8.754898943947388e-09,0.0,0.0,0.0,0.0004493694294830156,0.0004479484154914753,-1.4210139915402792e-06,0.0019942060399726303,0.001996860489640651,2.6544496680206385e-06,0.5249444180613938,0.37635837697160135,-0.14858604108979245
swin_upernet_6ch,0.2955746394481357,0.2748910328736447,-0.02068360657449103,0.3692138654631217,0.3465628030343185,-0.02265106242880316,0.9235185398963642,0.9249136717219052,0.0013951318255409628,12194633781,11584110063,9,9,,0.2955746394481357,False,0.514524040623071,0.48295636445976364,-0.03156767616330736,0.15955070760424084,0.1376819855297368,-0.02186872207450405,0.17397806713796585,0.12624121752148484,-0.047736849616481,0.9510196458827521,0.9518538676486584,0.0008342217659063067,0.0034779730232786235,0.0034779730232786235,0.0,0.08801694010149697,0.07774293559136163,-0.01027400451013534,0.032791569398677715,0.03263773610663119,-0.0001538332920465249,0.01246634937966876,0.01247763245609035,1.1283076421590363e-05,0.7243464618820693,0.6489495835257969,-0.0753968783562724
segformer_b1_10ch,0.2923835816057869,0.2719842739237384,-0.020399307682048506,0.3668693622250563,0.3459820140838925,-0.020887348141163775,0.9268512248076013,0.9296818101200736,0.002830585312472267,12194633781,11584110063,9,9,,0.2923835816057869,False,0.53298768475769,0.5196083539810072,-0.01337933077668274,0.15730381727195936,0.13903570494164316,-0.018268112330316194,0.233124498743413,0.2007928436685435,-0.032331655074869514,0.959549641052481,0.9605513766555216,0.001001735603040621,0.0,0.0,0.0,0.08954051453963874,0.07874244580728332,-0.01079806873235542,0.011588641541390686,0.011404944596590284,-0.00018369694480040166,0.0031464123617924045,0.0031477343793818576,1.322017589453113e-06,0.6442110241837175,0.5345750612836752,-0.1096359629000423
swin_upernet_10ch_unw,0.3012739439981095,0.28121174315166997,-0.020062200846439504,0.37325478057043227,0.35285897492862284,-0.020395805641809428,0.9268054952670497,0.9284334398161528,0.0016279445491030886,12194633781,11584110063,9,9,,0.3012739439981095,False,0.5311185871484531,0.5044716626760855,-0.026646924472367606,0.1810978087649227,0.15271047628079368,-0.02838733248412903,0.2147592264022353,0.1688551867120305,-0.04590403969020479,0.9559357334709743,0.9570287428664496,0.0010930093954752973,0.0,0.0,0.0,0.020103359173126615,0.021339179558371762,0.0012358203852451469,0.05228923182048919,0.05241122196782511,0.00012199014733592362,0.021407532452904436,0.021427245937496463,1.971348459202729e-05,0.73475401674988,0.6526619723659769,-0.08209204438390305
unet_resnet34_10ch,0.2523049836230148,0.23464531444935333,-0.017659669173661463,0.31408465528702645,0.29618278114771246,-0.01790187413931399,0.9095372486118614,0.9130669623714538,0.0035297137595924344,12194633781,11584110063,9,9,,0.2523049836230148,False,0.5119837585529804,0.5041579710171519,-0.007825787535828521,0.08144427514978841,0.07461259565451966,-0.00683167949526875,0.12354783381269699,0.10388913893530513,-0.019658694877391858,0.9377774192055736,0.9397356937610757,0.0019582745555021264,7.610402728675306e-05,7.63301041073229e-05,2.2607682056983763e-07,0.04230940018377423,0.041686046266751944,-0.0006233539170222846,0.0002220399870459754,0.0002227777174212091,7.377303752336849e-07,0.0003839075710762495,0.0003840167780202671,1.0920694401762203e-07,0.5730001141169101,0.44704325980982673,-0.12595685430708337
segformer_b1_10ch_unw,0.2513163313988154,0.2342487164521668,-0.017067614946648574,0.3229006517659301,0.30169679532058113,-0.021203856445348945,0.9237697392398635,0.9273152372153873,0.003545497975523837,12194633781,11584110063,9,9,,0.2513163313988154,False,0.5161950941446605,0.506146787811886,-0.010048306332774426,0.15415965522746472,0.13927838973852505,-0.014881265488939671,0.2670356499468015,0.24584748531744283,-0.021188164629358686,0.9598291666113423,0.9623807958068237,0.002551629195481353,0.0,0.0,0.0,0.0003948251582590843,0.0004789272030651341,8.410204480604978e-05,0.008358553237376496,0.008081763152363183,-0.0002767900850133131,0.01704581065721249,0.017077786818453303,3.19761612408119e-05,0.33882822760622155,0.22894651222094178,-0.10988171538527977
