cell,route,fold,n_contam,n_clean,acc_contam,acc_clean,d_acc,miou_contam,miou_clean,d_miou,n_macro_contam,n_macro_clean,iou_contam_asfalt,iou_clean_asfalt,d_asfalt,iou_contam_fliser,iou_clean_fliser,d_fliser,iou_contam_grus,iou_clean_grus,d_grus,iou_contam_ubefestet,iou_clean_ubefestet,d_ubefestet,iou_contam_green_roof,iou_clean_green_roof,d_green_roof,iou_contam_drivhus,iou_clean_drivhus,d_drivhus,iou_contam_betonflade,iou_clean_betonflade,d_betonflade,iou_contam_brosten,iou_clean_brosten,d_brosten,iou_contam_solceller,iou_clean_solceller,d_solceller
convnext_upernet_10ch,82-20,2,522,86,0.8803872959397544,0.7680069891836171,0.1123803067561373,0.41998472713429397,0.33393170030047836,0.0860530268338156,8,7,0.7439871531581039,0.5729735645533549,0.17101358860474902,0.5055914356071043,0.30538199560851303,0.20020943999859125,0.49103288265803013,0.3401263450121415,0.15090653764588863,0.8986940134536555,0.8489340656772517,0.0497599477764038,0.0,0.0,0.0,0.4337930157555861,0.18822000866175834,0.24557300709382776,0.2321910885607919,0.0,0.2321910885607919,0.054520046450292285,0.08188592259032915,-0.02736587614003686,6.818143078732507e-05,0.0,6.818143078732507e-05
convnext_upernet_10ch,84-40,0,62,600,0.9877128187595869,0.7965389974564108,0.19117382130317617,0.6282893655141465,0.20557826102309434,0.42271110449105215,3,9,0.8902621987035996,0.5397683729403443,0.3504938257632553,0.0,0.16805327763140865,-0.16805327763140865,0.0,0.1343889832247952,-0.1343889832247952,0.99460589783884,0.8644074139290332,0.13019848390980682,,0.0,,,0.017319050956051657,,0.0,0.07928561159886287,-0.07928561159886287,,0.014293766018388655,,,0.03268787290896446,
convnext_upernet_10ch,84-41,2,61,282,0.995420769985255,0.9742927346543526,0.02112803533090235,0.9724192633622075,0.388647611455372,0.5837716519068354,2,5,0.9498216473360908,0.21943230549315906,0.7303893418429317,0.0,0.0,0.0,0.0,0.1102982628761113,-0.1102982628761113,0.9950168793883244,0.9741912476807046,0.02082563170761975,,0.0,,,0.0,,,0.0,,,0.0,,,0.639316241226885,
convnext_upernet_10ch,85-45,2,173,228,0.979661725632096,0.933749678041513,0.04591204759058298,0.970386025937826,0.8786453730272237,0.0917406529106023,3,2,,,,,,,0.9995448795533723,0.0,0.9995448795533723,0.9573068537974243,0.851517511890536,0.10578934190688827,,,,,0.0,,,,,,,,0.9543063444626809,0.9057732341639114,0.0485331102987695
convnext_upernet_10ch_unw,82-20,2,522,86,0.8578079257483816,0.754406411125591,0.10340151462279057,0.3754627203976581,0.3182872862099663,0.057175434187691776,8,7,0.6845011436983734,0.5671177162884213,0.11738342740995211,0.49236100054768206,0.327255935290183,0.16510506525749907,0.5190464527396973,0.4026669730806026,0.11637947965909468,0.8459202504658556,0.7463083732134322,0.09961187725242338,,,,0.22966682281297576,0.1354126679462572,0.09425415486671856,0.08678913296942962,0.0,0.08678913296942962,0.1332074482035143,0.04924933765086841,0.08395811055264588,0.01220951174373688,,
convnext_upernet_10ch_unw,84-40,0,62,600,0.9917089998286626,0.8001682964050717,0.19154070342359086,0.6414121094743698,0.20511644573485405,0.4362956637395157,3,9,0.9295361979936292,0.5497518115429315,0.3797843864506977,0.0,0.18421663128835067,-0.18421663128835067,0.0,0.15599402770263865,-0.15599402770263865,0.9947001304294802,0.8595948228050758,0.13510530762440442,,0.0,,,0.033136360236367714,,0.0,0.05230411307181057,-0.05230411307181057,,0.011050244966511668,,,0.0,
convnext_upernet_10ch_unw,84-41,2,61,282,0.9973354529145996,0.9834018483316438,0.013933604582955783,0.9841401504245151,0.4301782002531298,0.5539619501713853,2,5,0.9712042577441283,0.30653020698082944,0.6646740507632989,0.0,0.007877697841726618,-0.007877697841726618,0.0,0.17791966333155262,-0.17791966333155262,0.9970760431049017,0.9834342969357708,0.013641746169130942,,,,,,,,,,,0.0,,,0.6751291361757696,
convnext_upernet_10ch_unw,85-45,2,173,228,0.98665864503289,0.9338285647377096,0.05283008029518044,0.9802583232442096,0.8751035231584325,0.10515480008577704,3,2,,0.0,,,,,0.9991079908886891,0.0,0.9991079908886891,0.972042551429051,0.8508029412449489,0.12123961018410212,,,,,,,,,,,,,0.9696244274148886,0.8994041050719161,0.07022032234297249
convnext_upernet_6ch,82-20,2,522,86,0.8800655744556003,0.7811511879881357,0.09891438646746464,0.4054542423915246,0.35923799241804005,0.04621624997348456,8,7,0.7688835568408194,0.6002542919507353,0.16862926489008412,0.3869221797789486,0.3429694371054881,0.0439527426734605,0.44661249641852374,0.35797418365258793,0.08863831276593581,0.9296005943129132,0.8651144026302273,0.06448619168268588,,,,0.49832100504872606,0.3307460660813505,0.16757493896737558,0.06167923774993796,0.0,0.06167923774993796,0.15161486898232784,0.01760756550589096,0.13400730347643688,0.0,,
convnext_upernet_6ch,84-40,0,62,600,0.9870930610032164,0.7912586867674555,0.1958343742357609,0.6239489842707701,0.20492976184664022,0.4190192224241298,3,9,0.884318440976376,0.5220186599434261,0.3622997810329499,0.0,0.18912761363065708,-0.18912761363065708,0.0,0.095945676640702,-0.095945676640702,0.9875285118359342,0.8493002487083633,0.13822826312757086,,0.0,,,0.0396741523557904,,0.0,0.12940526678587763,-0.12940526678587763,,0.018437847183349832,,,0.0004583913715957047,
convnext_upernet_6ch,84-41,2,61,282,0.9950643134282321,0.981072255887981,0.013992057540251124,0.9705024963008755,0.40851240765693114,0.5619900886439444,2,5,0.9464005788319261,0.26271339155924506,0.6836871872726811,0.0,0.0,0.0,0.0,0.13568359408272082,-0.13568359408272082,0.994604413769825,0.9811045773113392,0.013499836458485848,,,,,0.0,,,,,,0.0,,,0.6630604753313507,
convnext_upernet_6ch,85-45,2,173,228,0.9780903266266575,0.8681497867814715,0.10994053984518604,0.9680977264921808,0.7495695107643452,0.21852821572783565,3,2,,0.0,,,0.0,,0.9992673611494336,0.0,0.9992673611494336,0.9538995136982524,0.67945866572387,0.2744408479743824,,,,,0.0,,,0.0,,,,,0.9511263046288566,0.8196803558048203,0.13144594882403626
convnext_upernet_6ch_unw,82-20,2,522,86,0.8913077955648373,0.7983776431993052,0.09293015236553215,0.40050171813706414,0.3579562411187029,0.042545477018361255,8,7,0.7694364029693583,0.6700193784333657,0.09941702453599266,0.475460131115166,0.33537805785130814,0.14008207326385785,0.5040334275632232,0.3734183081930164,0.1306151193702068,0.9315103334415942,0.8607693820480308,0.0707409513935634,,,,0.2662888677901733,0.20986914854404717,0.05641971924612613,0.18119642854269546,0.0,0.18119642854269546,0.07236967729616192,0.056239412761151894,0.016130264535010028,0.003718476378140444,0.0,0.003718476378140444
convnext_upernet_6ch_unw,84-40,0,62,600,0.9776729019564012,0.7834012066755782,0.194271695280823,0.5933824917440736,0.1901868274665908,0.4031956642774829,3,9,0.793678196864716,0.5171131300761242,0.2765650667885917,0.0,0.15909562266807814,-0.15909562266807814,0.0,0.1170389376961874,-0.1170389376961874,0.986469278367505,0.844683554387318,0.14178572398018696,,0.0,,,0.010219882316506659,,,0.05199524996521868,,,0.007566926568733043,,,0.003968143521150841,
convnext_upernet_6ch_unw,84-41,2,61,282,0.9901399122817631,0.9850762879052422,0.00506362437652097,0.9406681187551651,0.44544163162495953,0.49522648713020556,2,5,0.8920703138742738,0.32900040786706714,0.5630699060072066,,0.0,,0.0,0.30859729115388235,-0.30859729115388235,0.9892659236360565,0.9852715417858343,0.003994381850222162,,,,,,,,,,,0.0,,,0.6043389173180138,
convnext_upernet_6ch_unw,85-45,2,173,228,0.9806175401784597,0.8713365205065386,0.10928101967192105,0.9716907406462437,0.7574094657954951,0.21428127485074866,3,2,,0.0,,,,,0.9993120360579298,0.0,0.9993120360579298,0.9591215971171222,0.6878695740774748,0.27125202303964735,,,,,,,,,,,,,0.9566385887636791,0.8269493575135153,0.12968923125016385
convnext_upernet_rgb,82-20,2,522,86,0.8955989949855502,0.8106506091116725,0.08494838587387765,0.42754208535794175,0.3881806124829676,0.03936147287497416,8,7,0.7854994474980803,0.6829242692301011,0.10257517826797924,0.489348150846527,0.3773866568343549,0.11196149401217209,0.5464444996839475,0.3965083120178304,0.1499361876661171,0.927320072894195,0.8564605295958649,0.07085954329833011,0.0,,,0.5576862290591086,0.38960504097854287,0.1680811880805657,0.04486310985930946,0.0,0.04486310985930946,0.060783120113887465,0.014379478724078888,0.04640364138980858,0.00839205290847861,0.0,0.00839205290847861
convnext_upernet_rgb,84-40,0,62,600,0.9884149137751073,0.8275899062063096,0.1608250075687977,0.6286539386909692,0.2460892271750714,0.38256471151589777,3,9,0.8976544267937465,0.6187492712379692,0.27890515555577733,0.0,0.18222455314544408,-0.18222455314544408,0.0,0.09638904837431192,-0.09638904837431192,0.9883073892791611,0.8918789266307907,0.09642846264837035,,0.02207270439033835,,,0.028043220286053338,,0.0,0.317453182934386,-0.317453182934386,,0.05715604895095479,,,0.0008360886253942918,
convnext_upernet_rgb,84-41,2,61,282,0.9933558396514651,0.97113522189078,0.02222061776068507,0.9601683361338413,0.39019216075956764,0.5699761753742737,2,5,0.9275811332912224,0.20068216094507207,0.7268989723461503,0.0,0.0,0.0,0.0,0.06826831557991253,-0.06826831557991253,0.9927555389764603,0.9711329894276719,0.021622549548788395,,0.0,,,0.0,,,0.0,,,0.0,,,0.7108773378451818,
convnext_upernet_rgb,85-45,2,173,228,0.9801347514800822,0.8635117952562193,0.11662295622386287,0.9712721655434707,0.7552147761554506,0.2160573893880201,3,2,0.0,0.0,0.0,,0.0,,0.9994265841073923,0.0,0.9994265841073923,0.9587736856003533,0.6697785609623421,0.28899512463801114,,,,,,,,0.0,,,,,0.9556162269226665,0.8406509913485591,0.11496523557410732
convnext_upernet_rgb_unw,82-20,2,522,86,0.9024128329637995,0.7889678650775751,0.11344496788622438,0.39717860729464816,0.364472319627139,0.03270628766750916,8,7,0.783732913993302,0.6099839005423116,0.17374901345099047,0.533647073141742,0.3900938524340746,0.1435532207076674,0.5710618101258681,0.33533993363557596,0.23572187649029214,0.9338236939618563,0.8484332738652307,0.08539042009662556,0.0,0.0,0.0,0.16097568152060376,0.2995739101933792,-0.13859822867277544,0.034482213660835634,0.0,0.034482213660835634,0.12906423473433784,0.06788136671940065,0.06118286801493719,0.030641237218639945,,
convnext_upernet_rgb_unw,84-40,0,62,600,0.9889233220816042,0.8189550340574963,0.1699682880241079,0.6301305136386158,0.22397163878285964,0.4061588748557562,3,9,0.9024437313823197,0.6193193539392919,0.28312437744302776,0.0,0.19055164598928373,-0.19055164598928373,0.0,0.09564087539170976,-0.09564087539170976,0.9879478095335279,0.8758584453290146,0.11208936420451332,,0.0,,,0.0,,0.0,0.15606422763027308,-0.15606422763027308,,0.07806403648984665,,,0.00024616427631738244,
convnext_upernet_rgb_unw,84-41,2,61,282,0.9938910247687396,0.9900065540616294,0.003884470707110177,0.963358335103913,0.5063769919038208,0.4569813432000922,2,5,0.9333429337429509,0.4641066681708891,0.4692362655720618,0.0,0.0,0.0,0.0,0.3956016147075917,-0.3956016147075917,0.993373736464875,0.9901634679973128,0.0032102684675622273,,0.0,,,0.0,,,,,0.0,,,,0.6820132086433102,
convnext_upernet_rgb_unw,85-45,2,173,228,0.979777882556374,0.8487065862229549,0.13107129633341907,0.9704894066255032,0.7205753948321643,0.24991401179333894,3,2,0.0,0.0,0.0,,0.0,,0.9957823899720311,0.0,0.9957823899720311,0.96095248202565,0.6313946408220638,0.3295578412035862,,,,,,,,0.0,,,,,0.9547333478788286,0.8097561488422649,0.1449771990365637
segformer_b1_10ch,82-20,2,522,86,0.8064394065707396,0.756575202083499,0.049864204487240604,0.26870714073120966,0.2842103323291372,-0.015503191597927568,8,7,0.5411741325235073,0.5750899352233261,-0.03391580269981875,0.26401399436589124,0.2332444034937861,0.030769590872105124,0.2884839602582088,0.2035854563119259,0.08489850394628293,0.9000041185392899,0.8815136963234663,0.018490422215823532,0.0,,,0.11797776320745504,0.0960388349514563,0.021938928255998733,0.03341284719931736,0.0,0.03341284719931736,0.0025054687897441115,0.0,0.0025054687897441115,0.0020848409662634826,,
segformer_b1_10ch,84-40,0,62,600,0.9891131478526985,0.7925339586777894,0.19657918917490913,0.6319107524689488,0.20023482199082843,0.43167593047812036,3,9,0.9044063738962483,0.49952590403282837,0.40488046986341997,0.0,0.16165664900116725,-0.16165664900116725,0.0,0.23472805590745258,-0.23472805590745258,0.9913258835105981,0.8597625541404013,0.13156332937019688,,0.0,,0.0,0.0340569065883249,-0.0340569065883249,0.0,0.009243614753914456,-0.009243614753914456,,0.0031397134933669624,,,0.0,
segformer_b1_10ch,84-41,2,61,282,0.9898845359051507,0.8703546847066772,0.11952985119847348,0.9404739102656776,0.31462471740655445,0.6258491928591232,2,5,0.891864546883434,0.08379334729911318,0.8080711995843208,0.0,0.08758219167333615,-0.08758219167333615,0.0,0.01674830335850811,-0.01674830335850811,0.9890832736479214,0.870967174171438,0.11811609947648338,,,,,0.0,,,0.0,,,0.0,,,0.5140325705303768,
segformer_b1_10ch,85-45,2,173,228,0.9740256740920142,0.867850689112804,0.10617498497921019,0.9590379437825339,0.7739170998280764,0.1851208439544575,3,2,,0.0,,,,,0.9863507177734914,0.0,0.9863507177734914,0.9451912146099463,0.684945233010209,0.2602459815997372,,,,,,,,,,,,,0.9455718989641643,0.8628889666459438,0.08268293231822044
segformer_b1_10ch_unw,82-20,2,522,86,0.7690701967845048,0.6610062132785097,0.10806398350599511,0.2242062357568532,0.212177856040735,0.012028379716118198,8,7,0.4612241355649708,0.38369925596078136,0.07752487960418947,0.2204862584203392,0.18981279002044832,0.03067346839989088,0.28432572150489416,0.19336750904304467,0.09095821246184949,0.8236010384371192,0.7183654372608704,0.10523560117624875,,,,0.0,0.0,0.0,0.0,0.0,0.0,0.0040127321275023,0.0,0.0040127321275023,0.0,0.0,0.0
segformer_b1_10ch_unw,84-40,0,62,600,0.9904348241245698,0.8029936180074937,0.18744120611707615,0.636336184202567,0.21468108648550274,0.4216550977170642,3,9,0.9172736532729426,0.5293834023935015,0.3878902508794412,,0.16762376883779023,,0.0,0.32158592566932587,-0.32158592566932587,0.9917348993347583,0.8754147843123734,0.11632011502238493,,0.0,,,0.0003422899195618689,,0.0,0.001667386934488977,-0.001667386934488977,,0.014196751396833285,,,0.021915468905649636,
segformer_b1_10ch_unw,84-41,2,61,282,0.9932403094728882,0.8235815722169387,0.1696587372559495,0.9593358300866506,0.34267193145099845,0.6166638986356521,2,5,0.9260556399583926,0.13809757021774025,0.7879580697406523,0.0,0.02942437154887673,-0.02942437154887673,0.0,0.014911193015515824,-0.014911193015515824,0.9926160202149086,0.8215477100506701,0.1710683101642385,,,,,,,0.0,0.0,0.0,,0.0,,,0.7093788124221895,
segformer_b1_10ch_unw,85-45,2,173,228,0.9695584876882846,0.9126379281145374,0.0569205595737472,0.9486820128754757,0.8445354776101612,0.10414653526531448,3,2,0.0,,,0.0,0.0,0.0,0.9701016983273035,0.0,0.9701016983273035,0.9389233481565179,0.8056737278668012,0.13324962028971665,,,,,,,,,,,,,0.9370209921426058,0.8833972273535211,0.053623764789084705
segformer_b1_6ch,82-20,2,522,86,0.8028012779636913,0.7429249475831354,0.05987633038055584,0.2826001024536082,0.30478224340927734,-0.022182140955669116,8,7,0.5054815268373689,0.5134514719300773,-0.00796994509270843,0.27108708990871244,0.25854442260874666,0.012542667299965782,0.3364025755696585,0.2722687847002852,0.06413379086937332,0.901983305924261,0.855274310517776,0.04670899540648499,0.0,0.0,0.0,0.12367901086728737,0.23393671410805583,-0.11025770324076846,0.1221223068312752,0.0,0.1221223068312752,4.5003690302604814e-05,0.0,4.5003690302604814e-05,0.0,,
segformer_b1_6ch,84-40,0,62,600,0.9848957019465349,0.7598327191384742,0.2250629828080607,0.6157306039599297,0.18079988031107772,0.434930723648852,3,9,0.8633780342442484,0.4041193461187722,0.4592586881254762,0.0,0.13939529841443424,-0.13939529841443424,0.0,0.20203238574918164,-0.20203238574918164,0.9838137776355409,0.8347475847741481,0.14906619286139278,,0.0,,0.0,0.01720458167516333,-0.01720458167516333,0.0,0.00861215442474046,-0.00861215442474046,,0.020973056899486146,,,0.0001145147437732608,
segformer_b1_6ch,84-41,2,61,282,0.9902058098579424,0.9677192273693167,0.022486582488625673,0.9411810245629252,0.35119084653492066,0.5899901780280046,2,5,0.892974124876427,0.2622010115765082,0.6307731132999188,0.0,0.0,0.0,0.0,0.05486580222522238,-0.05486580222522238,0.9893879242494233,0.9700826516007776,0.019305272648645788,,,,0.0,0.0,0.0,,0.0,,,0.0,,,0.4688047672720952,
segformer_b1_6ch,85-45,2,173,228,0.9678378640395011,0.8443613826863321,0.12347648135316902,0.9366581945637185,0.7309461528477661,0.20571204171595237,3,2,,0.0,,,0.0,,0.9339391568983209,0.0,0.9339391568983209,0.9413433241240665,0.6243286699850131,0.3170146541390534,,,,,0.0,,,0.0,,,,,0.934692102668768,0.8375636357105192,0.09712846695824884
segformer_b1_6ch_unw,82-20,2,522,86,0.7726680133692421,0.689965734323812,0.08270227904543004,0.22780536331779816,0.23484635073052118,-0.007040987412723021,8,7,0.4283520502651814,0.356755527807751,0.07159652245743042,0.2503003909145584,0.26319385808337975,-0.012893467168821338,0.2654540906239127,0.18579164314742566,0.07966244747648701,0.8783363747387327,0.838183426075092,0.04015294866364072,,,,0.0,0.0,0.0,0.0,0.0,0.0,0.0,0.0,0.0,0.0,,
segformer_b1_6ch_unw,84-40,0,62,600,0.9841512689888098,0.7610819738901192,0.22306929509869056,0.6143692814571247,0.1751434866627667,0.43922579479435797,3,9,0.8586775034783211,0.4396853657141598,0.4189921377641613,0.0,0.15888642938463118,-0.15888642938463118,0.0,0.10918290234907065,-0.10918290234907065,0.984430340893053,0.8163668491991581,0.1680634916938949,,0.0,,,0.0,,0.0,0.0004390999979939916,-0.0004390999979939916,,0.008856237157333567,,,0.04287449616255314,
segformer_b1_6ch_unw,84-41,2,61,282,0.9921839936648974,0.979892070314912,0.012291923349985412,0.9538818107024588,0.3380866553859668,0.615795155316492,2,5,0.9158591263276784,0.09060515754918556,0.8252539687784929,0.0,0.0,0.0,0.0,0.194313038992973,-0.194313038992973,0.9919044950772392,0.9799642173804186,0.0119402776968206,,,,,,,,0.0,,,0.0,,,0.42555086300725653,
segformer_b1_6ch_unw,85-45,2,173,228,0.9626781451193123,0.8951835324257126,0.06749461269359969,0.9255044047449422,0.8201786186901151,0.10532578605482712,3,2,0.0,,,,,,0.912431225546569,0.0,0.912431225546569,0.9270646914977643,0.7516548142476401,0.17540987725012414,,,,,,,,,,,,,0.9370172971904935,0.8887024231325901,0.04831487405790347
segformer_b1_rgb,82-20,2,522,86,0.7731845286031734,0.7128648635739319,0.060319665029241576,0.2533950504865699,0.27157034130481167,-0.018175290818241763,8,7,0.4213133751255576,0.45598156289232916,-0.03466818776677155,0.22067070081673346,0.22116717704586036,-0.0004964762291269076,0.3106745793575017,0.2463028735016304,0.06437170585587129,0.897086020198986,0.8615775704336752,0.03550844976531076,0.0,,,0.1774157283937806,0.11596320526018664,0.06145252313359395,0.0,0.0,0.0,0.0,0.0,0.0,0.0,,
segformer_b1_rgb,84-40,0,62,600,0.9844401774584147,0.8091068605575306,0.17533331690088416,0.6143478529322426,0.23371865881479265,0.38062919411744994,3,9,0.8588237797856215,0.5165076471545799,0.34231613263104166,0.0,0.15088445212774032,-0.15088445212774032,0.0,0.29425462451399514,-0.29425462451399514,0.9842197790111064,0.9137021555765189,0.07051762343458745,,0.0,,,0.019703393271932816,,0.0,0.12384741392454215,-0.12384741392454215,,0.08395722975797658,,,0.0006110130058482674,
segformer_b1_rgb,84-41,2,61,282,0.9934386304622157,0.9209001024200585,0.07253852804215721,0.9613058144306773,0.33653763165227524,0.6247681827784021,2,5,0.9297685225991744,0.3567492310560164,0.573019291543158,0.0,0.0,0.0,0.0,0.02046438162974365,-0.02046438162974365,0.9928431062621802,0.9204419849651007,0.07240112129707954,,,,0.0,0.0,0.0,,0.0,,,0.0,,,0.3850325606105156,
segformer_b1_rgb,85-45,2,173,228,0.9642005199190229,0.8360103171116482,0.1281902028073747,0.9336941288454991,0.7263330485145019,0.2073610803309972,3,2,,,,,,,0.941621204629434,0.0,0.941621204629434,0.9288170812967524,0.6120155337711155,0.31680154752563694,,,,0.0,0.0,0.0,,0.0,,,,,0.9306441006103109,0.8406505632578882,0.08999353735242266
segformer_b1_rgb_unw,82-20,2,522,86,0.7950152858358978,0.7322557492180237,0.06275953661787403,0.24979201384013122,0.26892434701348716,-0.019132333173355942,8,7,0.477299472668786,0.4913781007728654,-0.01407862810407945,0.2683733492261866,0.26786325750893014,0.0005100917172564667,0.34582207676812926,0.2503323485342136,0.09548972823391566,0.905893801646406,0.8728967222784009,0.03299707936800511,,,,0.0,0.0,0.0,0.0,0.0,0.0,0.0,0.0,0.0,0.0009474104115417858,0.0,0.0009474104115417858
segformer_b1_rgb_unw,84-40,0,62,600,0.9868711563535573,0.8122826059285775,0.17458855042497978,0.6229242569438042,0.225472882657492,0.39745137428631216,3,9,0.8829830460603246,0.5479537268845708,0.33502931917575385,,0.15922281530340676,,0.0,0.3125411703142107,-0.3125411703142107,0.9857897247710876,0.9039574209918054,0.08183230377928219,,0.0,,,0.006164931945556445,,0.0,0.005118327991864366,-0.005118327991864366,,0.07484345866137371,,,0.019454091824639638,
segformer_b1_rgb_unw,84-41,2,61,282,0.9912452789691981,0.959979335354292,0.03126594361490609,0.9477844029765146,0.3111683402803444,0.6366160626961701,2,5,0.9050968470222663,0.1717977506499068,0.7332990963723596,0.0,0.0006594328877165637,-0.0006594328877165637,0.0,0.059626306876087734,-0.059626306876087734,0.9904719589307629,0.9599441741172969,0.030527784813465964,,,,,,,,0.0,,,0.0,,,0.36381403687071423,
segformer_b1_rgb_unw,85-45,2,173,228,0.9691273476177832,0.8332810822765012,0.13584626534128197,0.95002294484919,0.7337286565097938,0.21629428833939623,3,2,0.0,,,,,,0.9730491675843752,0.0,0.9730491675843752,0.9421495687633015,0.6129218460708756,0.32922772269242584,,,,,,,,,,0.0,,,0.9348700981998933,0.8545354669487121,0.08033463125118123
swin_upernet_10ch,82-20,2,522,86,0.8493690582253143,0.7540453596567717,0.09532369856854261,0.30900503631651455,0.2990450432599166,0.009959993056597949,8,7,0.6616347993741996,0.5458436866628025,0.11579111271139708,0.3176168512040798,0.2638954824706123,0.0537213687334675,0.4022044447900174,0.287844872938352,0.1143595718516654,0.9045756545961231,0.8715557990062247,0.033019855589898395,,,,0.18600854056769656,0.1241754617414248,0.06183307882627176,0.0,0.0,0.0,0.0,0.0,0.0,0.0,0.0,0.0
swin_upernet_10ch,84-40,0,62,600,0.9855860597107509,0.7893132624902125,0.19627279722053836,0.6209263554714618,0.2126445127897012,0.4082818426817606,3,9,0.8708467022392254,0.5080997669818819,0.3627469352573436,0.0,0.17365841704153206,-0.17365841704153206,0.0,0.19257730704241618,-0.19257730704241618,0.99193236417516,0.8521432664155145,0.13978909775964543,,0.0,,,0.07201343690951081,,0.0,0.03687495269656392,-0.03687495269656392,,0.018786858659814866,,,0.05964660936007641,
swin_upernet_10ch,84-41,2,61,282,0.9940452976960235,0.9481143373289632,0.045930960367060236,0.9643671211484185,0.41053001817838497,0.5538371029700335,2,5,0.9349054293302235,0.19206065073181006,0.7428447785984134,0.0,0.0,0.0,0.0,0.03642491088608476,-0.03642491088608476,0.9938288129666135,0.9474034546230985,0.04642535834351502,,,,,,,,0.0,,,0.0,,0.0,0.8767610746509318,-0.8767610746509318
swin_upernet_10ch,85-45,2,173,228,0.9772644734650713,0.9446829409324483,0.03258153253262297,0.9662540132797472,0.8958551445387228,0.07039886874102441,3,2,,,,,,,0.9967208208972854,0.0,0.9967208208972854,0.9525285873135871,0.8732365931444239,0.07929199416916322,,,,,,,,,,,,,0.949512631628369,0.9184736959330217,0.031038935695347214
swin_upernet_10ch_unw,82-20,2,522,86,0.8308622701092817,0.746378919424341,0.08448335068494073,0.27514742324092645,0.2687743533738593,0.006373069867067149,8,7,0.6403493545828978,0.5649776341479009,0.07537172043499685,0.28881487028023817,0.21928177518173242,0.06953309509850575,0.32211156844733846,0.26265914811359187,0.05945242033374659,0.8757744385723636,0.8273528484508644,0.04842159012149916,,,,0.007267963254675047,0.0071490677229253214,0.00011889553174972579,0.04952812007884855,0.0,0.04952812007884855,0.0,0.0,0.0,0.017333070711049833,0.0,0.017333070711049833
swin_upernet_10ch_unw,84-40,0,62,600,0.9860601167009305,0.775141413552323,0.2109187031486075,0.6224863180146967,0.1891287089139789,0.43335760910071774,3,9,0.8749825171975003,0.4681536994243766,0.4068288177731237,,0.14938102866888725,,0.0,0.13605474789523886,-0.13605474789523886,0.9924764368465898,0.8459809508081109,0.14649548603847895,,0.0,,,0.04096542726679713,,0.0,0.04077166391072132,-0.04077166391072132,,0.020808327160227652,,,4.253509145044662e-05,
swin_upernet_10ch_unw,84-41,2,61,282,0.9922777208671749,0.968616940731002,0.0236607801361729,0.9538180163134785,0.45431267013285953,0.499505346180619,2,5,0.9159909224570376,0.38072448787285196,0.5352664345841857,0.0,0.01086342390466896,-0.01086342390466896,0.0,0.07072846643653356,-0.07072846643653356,0.9916451101699194,0.9684170862595324,0.02322802391038703,,,,,,,0.0,0.0,0.0,,0.0,,,0.840829886190711,
swin_upernet_10ch_unw,85-45,2,173,228,0.975930847106257,0.9382449012841141,0.03768594582214291,0.9634182338508669,0.8857200145061939,0.07769821934467303,3,2,,,,,,,0.9930789277385863,0.0,0.9930789277385863,0.9501539400894634,0.8582191498222383,0.09193479026722506,,,,,,,,,,0.0,,,0.947021833724551,0.9132208791901493,0.033800954534401684
swin_upernet_6ch,82-20,2,522,86,0.8557676530610009,0.7585834250944322,0.09718422796656867,0.30120881772686425,0.2967960859625558,0.004412731764308453,8,7,0.711751040030901,0.5925723480387334,0.11917869199216757,0.2990959520145181,0.21655423353379208,0.08254171848072603,0.39597039867356115,0.2762938058263607,0.11967659284720045,0.8865757564543043,0.85337990604326,0.033195850411044336,,,,0.11054904239441274,0.13877230829574427,-0.028223265901331535,0.0,0.0,0.0,0.0,0.0,0.0,0.005728352247217104,0.0,0.005728352247217104
swin_upernet_6ch,84-40,0,62,600,0.9842641407513526,0.7832175272275388,0.2010466135238138,0.6134422386111124,0.18877051607586515,0.4246717225352472,3,9,0.8575823545991057,0.5208129086125884,0.33676944598651726,0.0,0.16264420195740578,-0.16264420195740578,0.0,0.1225092320484686,-0.1225092320484686,0.9827443612342316,0.8357880630661304,0.14695629816810118,,0.0,,,0.01654034275473248,,,0.031561696374512525,,,0.009078199868948167,,,0.0,
swin_upernet_6ch,84-41,2,61,282,0.9913046379793793,0.977698156007625,0.013606481971754292,0.9531257771903212,0.4237445605833569,0.5293812166069642,2,5,0.9157301603090471,0.3350565111634715,0.5806736491455755,0.0,0.0,0.0,0.0,0.10943190618133078,-0.10943190618133078,0.9905213940715955,0.9775869214604697,0.012934472611125791,,0.0,,0.0,0.0,0.0,0.0,0.0,0.0,,0.0,,,0.6966474641115126,
swin_upernet_6ch,85-45,2,173,228,0.9710246473655815,0.8273758809812275,0.14364876638435398,0.9577665721387171,0.6900876118799443,0.2676789602587728,3,2,,,,,,,0.997589487897527,0.0,0.997589487897527,0.9390851515752824,0.5773489806335482,0.36173617094173416,,,,,,,,,,,,,0.9366250769433417,0.8028262431263403,0.13379883381700142
swin_upernet_6ch_unw,82-20,2,522,86,0.8377230538662838,0.7161455548607041,0.12157749900557968,0.2747295993146445,0.2534514265182177,0.021278172796426797,8,7,0.6626784961083618,0.4882226543436967,0.1744558417646651,0.26205154563423133,0.1939680396005878,0.06808350603364352,0.3564360046398592,0.23793804506840482,0.11849795957145437,0.9020416042280385,0.844549608264736,0.057491995963302456,,,,0.013066799725566021,0.009481638350098668,0.0035851613754673533,0.0,0.0,0.0,0.0,0.0,0.0,0.0015623441810989596,,
swin_upernet_6ch_unw,84-40,0,62,600,0.9854869108247329,0.7912003063102396,0.1942866045144933,0.6183652798358296,0.1949371982619579,0.4234280815738717,3,9,0.8696152165166692,0.5239132912265658,0.34570192529010335,0.0,0.16050751990480494,-0.16050751990480494,0.0,0.11522798814465927,-0.11522798814465927,0.9854806229908194,0.8540119441872577,0.13146867880356172,,0.0,,,0.0,,0.0,0.07099679136503527,-0.07099679136503527,,0.029302848916226677,,,0.0004744006130715615,
swin_upernet_6ch_unw,84-41,2,61,282,0.9892037106292232,0.9771242884388073,0.012079422190415912,0.9373898150461433,0.3668211362258539,0.5705686788202894,2,5,0.8861087780728955,0.07963061066632841,0.8064781674065671,0.0,0.0,0.0,0.0,0.1295606547211089,-0.1295606547211089,0.9886708520193912,0.9771511203911247,0.011519731628266472,,,,,,,,0.0,,,,,0.0,0.6477632953507073,-0.6477632953507073
swin_upernet_6ch_unw,85-45,2,173,228,0.9740103999551118,0.8392753097040525,0.13473509025105934,0.9593556699518136,0.7280306809104391,0.23132498904137455,3,2,,0.0,,,,,0.988024026776792,0.0,0.988024026776792,0.9476718004143024,0.6132139154789547,0.3344578849353478,,,,,,,,,,,,,0.9423711826643467,0.8428474463419234,0.09952373632242328
swin_upernet_rgb,82-20,2,522,86,0.8483578029495586,0.7757305187508612,0.07262728419869746,0.3100794732244995,0.3068677142723643,0.003211758952135213,8,7,0.6868009117135903,0.621286374793667,0.06551453691992326,0.34409205688001815,0.26369231961551787,0.08039973726450028,0.41597460923750196,0.34261203641904286,0.07336257281845909,0.8743957308740463,0.8460810145300812,0.028314716343965096,,,,0.15742340728781706,0.06819751381215469,0.08922589347566237,9.591299953150189e-05,0.0,9.591299953150189e-05,0.001853156803490846,0.006204740736086458,-0.004351583932595612,0.0,,
swin_upernet_rgb,84-40,0,62,600,0.9865249956900901,0.8147871472866851,0.171737848403405,0.6216174757279762,0.23408832870316992,0.3875291470248063,3,9,0.8795097822702027,0.592778524012775,0.28673125825742773,0.0,0.14028711595316468,-0.14028711595316468,0.0,0.210067674146535,-0.210067674146535,0.985342644913726,0.8970109375533135,0.08833170736041251,,0.16755377438241648,,,0.0,,0.0,0.005919872359865563,-0.005919872359865563,,0.060111541207453476,,,0.0330655187130054,
swin_upernet_rgb,84-41,2,61,282,0.9921064848985652,0.9739077511990089,0.01819873369955638,0.9529778669582527,0.3739894211245567,0.578988445833696,2,5,0.914401498053954,0.2205900788295762,0.6938114192243778,0.0,0.0,0.0,0.0,0.10141014630775713,-0.10141014630775713,0.9915542358625515,0.9741358637126278,0.0174183721499237,,,,0.0,,,,,,,0.0,,,0.5738110167728223,
swin_upernet_rgb,85-45,2,173,228,0.9688246992556562,0.7972513966445373,0.17157330261111892,0.9547812670664237,0.6563490533217279,0.29843221374469586,3,2,0.0,0.0,0.0,,,,0.9967377034798355,0.0,0.9967377034798355,0.9353488510753881,0.5063629979004529,0.4289858531749352,,,,,,,,,,,,,0.9322572466440477,0.8063351087430028,0.1259221379010449
swin_upernet_rgb_unw,82-20,2,522,86,0.8530108230102754,0.7741532833210187,0.07885753968925668,0.29701292877784047,0.3001199925609154,-0.0031070637830749592,8,7,0.6771516130187314,0.623172391572001,0.0539792214467304,0.34736383470594057,0.25088147699220803,0.09648235771373254,0.43137604989389844,0.30006030963701136,0.13131574025688708,0.898791913966497,0.8628015365056372,0.03599037746085987,,,,0.005577366485947529,0.054004444015071006,-0.04842707752912348,0.0001289224922037422,0.0,0.0001289224922037422,0.0008812345610480447,0.009919789204479406,-0.009038554643431361,0.01483249509845708,,
swin_upernet_rgb_unw,84-40,0,62,600,0.9880770044875571,0.8280488670979952,0.1600281373895619,0.6271928785323386,0.23510506343610033,0.3920878150962383,3,9,0.8946835515610955,0.6059132817753383,0.28877026978575715,,0.16319103753266287,,0.0,0.12922268206967968,-0.12922268206967968,0.9868950840359204,0.9155869905771793,0.07130809345874112,,0.0,,,0.03555807549003726,,,0.18144788103696946,,,0.0849303469181276,,,9.527552490859505e-05,
swin_upernet_rgb_unw,84-41,2,61,282,0.9891771375247046,0.9819904425507014,0.007186694974003149,0.9354846961331371,0.41445518210180643,0.5210295140313307,2,5,0.8826564926599713,0.2237637445575242,0.658892748102447,0.0,0.0,0.0,0.0,0.13254379884098563,-0.13254379884098563,0.988312899606303,0.9820877717805352,0.0062251278257677845,,,,,,,,0.0,,,0.0,,,0.7338805953299871,
swin_upernet_rgb_unw,85-45,2,173,228,0.9730584695535275,0.8149073881801486,0.15815108137337885,0.962145972701097,0.6753769608290421,0.28676901187205495,3,2,0.0,,,,,,0.9983849313464559,0.0,0.9983849313464559,0.9477330648307227,0.5478779376735542,0.39985512715716853,,,,,,,,,,,0.0,,0.9403199219261126,0.80287598398453,0.1374439379415826
unet_resnet34_10ch,82-20,2,522,86,0.7679314449672708,0.6700373636614778,0.09789408130579302,0.2207171332058561,0.21198630603741586,0.00873082716844023,8,7,0.4932014405447212,0.4586155066628329,0.0345859338818883,0.0997514078856085,0.0653349877403262,0.0344164201452823,0.25389800131350193,0.23367178596012142,0.02022621535338051,0.8147534180939459,0.7123877457275101,0.10236567236643579,0.0,0.0,0.0,0.09450644735372751,0.01389411617112031,0.0806123311826072,0.00023809249106628727,0.0,0.00023809249106628727,0.0006144819520704077,0.0,0.0006144819520704077,0.008773776012206993,0.0,0.008773776012206993
unet_resnet34_10ch,84-40,0,62,600,0.9638564142335441,0.7754635355519175,0.18839287868162657,0.5442133567428512,0.1765796467819912,0.36763370996086,3,9,0.6585123264264305,0.4984243758000114,0.16008795062641912,0.0,0.11681101003343382,-0.11681101003343382,0.0,0.1524402141144748,-0.1524402141144748,0.974127743802123,0.801419732706762,0.17270801109536094,,0.0,,0.0,0.00814987298899238,-0.00814987298899238,0.0,0.0002828590974787528,-0.0002828590974787528,,0.0,,0.0,0.011688756296767251,-0.011688756296767251
unet_resnet34_10ch,84-41,2,61,282,0.9772857197904755,0.7076314841129934,0.26965423567748215,0.871996016768998,0.2657933095717607,0.6062027071972372,2,5,0.7541914038674321,0.08195719819475379,0.6722342056726783,0.0,0.000533153453498252,-0.000533153453498252,0.0,0.00731445374073355,-0.00731445374073355,0.9898006296705637,0.7056550375377053,0.2841455921328584,0.0,,,0.0,0.0,0.0,0.0,0.0,0.0,0.0,0.0,0.0,0.0,0.5335067049321127,-0.5335067049321127
unet_resnet34_10ch,85-45,2,173,228,0.928392116802742,0.9130361599601203,0.015355956842621699,0.9026761545368857,0.8554435743833895,0.047232580153496184,3,2,0.0,0.0,0.0,0.0,0.0,0.0,0.9643345204085626,0.0,0.9643345204085626,0.8956819109479905,0.8007498631600568,0.09493204778793374,,,,0.0,0.0,0.0,,0.0,,0.0,0.0,0.0,0.8480120322541038,0.910137285606722,-0.062125253352618204
unet_resnet34_10ch_unw,82-20,2,522,86,0.7676860971777411,0.6891861395413613,0.07849995763637974,0.2138303751153832,0.2229308686282608,-0.009100493512877617,8,7,0.4971440803180428,0.5059491807281248,-0.008805100410081979,0.15453265341995437,0.09947735564504943,0.055055297774904935,0.20200757469675998,0.20344978513274134,-0.0014422104359813614,0.8277713796304831,0.7511679253055644,0.07660345432491866,0.0,0.0,0.0,0.0,0.0,0.0,0.0007790244265572887,0.0,0.0007790244265572887,0.0006646296997166093,0.0004718335863455463,0.00019279611337106304,0.027743658731551345,0.0,0.027743658731551345
unet_resnet34_10ch_unw,84-40,0,62,600,0.9630737248965677,0.7849961870377204,0.17807753785884728,0.5416606295185434,0.18020679349701466,0.3614538360215288,3,9,0.6505444825444825,0.5171580210531302,0.13338646149135225,0.0,0.11734004724988847,-0.11734004724988847,0.0,0.15597545518168035,-0.15597545518168035,0.974437406011148,0.8249602738150268,0.14947713219612124,,0.0,,,0.0,,0.0,0.0004239647876591589,-0.0004239647876591589,,0.0,,0.0,0.006003379385746944,-0.006003379385746944
unet_resnet34_10ch_unw,84-41,2,61,282,0.9839455633898383,0.7392920003945,0.24465356299533825,0.907659698964493,0.16882681374734548,0.7388328852171475,2,5,0.8264728211222536,0.054436114110369326,0.7720367070118843,0.0,0.008120770834864764,-0.008120770834864764,0.0,0.008005381932859901,-0.008005381932859901,0.9888465768067323,0.7449265476701855,0.24392002913654676,0.0,,,,,,0.0,0.0,0.0,0.0,0.0,0.0,0.0,0.028645254188447922,-0.028645254188447922
unet_resnet34_10ch_unw,85-45,2,173,228,0.9006376978400953,0.8935248399703476,0.007112857869747691,0.785530152430046,0.8289938602667466,-0.043463707836700616,3,2,0.0,0.0,0.0,0.0,0.0,0.0,0.6609328085247556,0.0,0.6609328085247556,0.8445281933234458,0.7849709192424837,0.05955727408096201,,,,,,,0.0,0.0,0.0,0.0,0.0,0.0,0.8511294554419369,0.8730168012910093,-0.02188734584907248
unet_resnet34_6ch,82-20,2,522,86,0.7662599302727641,0.7124465886002996,0.05381334167246443,0.23313818160594751,0.2576246573705846,-0.024486475764637083,8,7,0.45407781769715466,0.5336324597820583,-0.07955464208490365,0.12135370354636707,0.11183387965697089,0.009519823889396178,0.25690315545902326,0.24031509795252926,0.016588057506494003,0.889559644343212,0.8499623245576009,0.039597319785611096,0.0,,,0.10192640750313074,0.06762883964493263,0.03429756785819811,0.00018740663455526062,0.0,0.00018740663455526062,0.0030748922622976277,0.0,0.0030748922622976277,0.03802242540183951,0.0,0.03802242540183951
unet_resnet34_6ch,84-40,0,62,600,0.9723602954910379,0.7564277552257681,0.21593254026526976,0.5744514488124944,0.1685123503951561,0.40593909841733833,3,9,0.7421728693161878,0.3949756287974157,0.34719724051877204,0.0,0.09654805245951328,-0.09654805245951328,0.0,0.15925334232586275,-0.15925334232586275,0.9811814771212953,0.8415697346849973,0.13961174243629804,,0.0,,0.0,0.007561628971550643,-0.007561628971550643,0.0,2.6097286203582007e-05,-2.6097286203582007e-05,,0.0,,0.0,0.01667666903086184,-0.01667666903086184
unet_resnet34_6ch,84-41,2,61,282,0.986665560307172,0.7711172004647504,0.2155483598424216,0.9226870669463068,0.27888795857940324,0.6437991083669035,2,5,0.8556442886055874,0.19251378920662482,0.6631304993989626,0.0,0.002911315890110161,-0.002911315890110161,0.0,0.007879464789495116,-0.007879464789495116,0.9897298452870261,0.7701527801883019,0.2195770650987242,0.0,0.0,0.0,0.0,0.0,0.0,0.0,0.0,0.0,0.0,0.0,0.0,,0.42098244282248426,
unet_resnet34_6ch,85-45,2,173,228,0.9635288778028632,0.9083723018858566,0.05515657591700662,0.9285984682842209,0.8521351924131104,0.07646327587111046,3,2,0.0,0.0,0.0,0.0,0.0,0.0,0.9237345112271012,0.0,0.9237345112271012,0.9297282117533657,0.789497858495259,0.14023035325810673,,,,0.0,0.0,0.0,,,,0.0,0.0,0.0,0.9323326818721958,0.9147725263309617,0.017560155541234024
unet_resnet34_6ch_unw,82-20,2,522,86,0.8067093805671123,0.7431930527847587,0.06351632778235361,0.2497711267093587,0.2642684141469321,-0.014497287437573392,8,7,0.5638985072838681,0.5967118914474591,-0.03281338416359092,0.1831003194727924,0.15382775962166248,0.02927255985112992,0.299607629670029,0.25597606857405425,0.04363156109597477,0.8980609000388629,0.8433631793853488,0.05469772065351408,0.0,0.0,0.0,0.0,0.0,0.0,0.0004208872011934122,0.0,0.0004208872011934122,0.0027070417664929484,0.0,0.0027070417664929484,0.05037372824163091,0.0,0.05037372824163091
unet_resnet34_6ch_unw,84-40,0,62,600,0.9758378753774839,0.761235715675303,0.21460215970218088,0.5873938861884963,0.1722770679000372,0.41511681828845914,3,9,0.7770521794567167,0.42207879842460133,0.35497338103211534,0.0,0.095397766575744,-0.095397766575744,0.0,0.13870590038858982,-0.13870590038858982,0.9851294791087724,0.8558518959527178,0.12927758315605453,,0.0,,,0.0,,0.0,0.0005952164756386608,-0.0005952164756386608,,0.0,,0.0,0.03786403328304302,-0.03786403328304302
unet_resnet34_6ch_unw,84-41,2,61,282,0.987859186001121,0.7407396777147807,0.24711950828634033,0.928919414451252,0.17563061449873754,0.7532887999525145,2,5,0.8682979713915833,0.04665971240588078,0.8216382589857025,0.0,0.00294513040061219,-0.00294513040061219,0.0,0.00704175610923098,-0.00704175610923098,0.9895408575109208,0.7405629450065966,0.24897791250432422,0.0,0.0,0.0,,,,0.0,0.0,0.0,0.0,0.0,0.0,,0.0809435285713671,
unet_resnet34_6ch_unw,85-45,2,173,228,0.9541602681067676,0.863485614792778,0.0906746533139896,0.8951284558592412,0.8052706527018347,0.08985780315740644,3,2,0.0,0.0,0.0,0.0,0.0,0.0,0.8317185440243191,0.0,0.8317185440243191,0.9173523237102635,0.7177723412446478,0.1995799824656157,,,,,,,0.0,0.0,0.0,0.0,0.0,0.0,0.9363144998431409,0.8927689641590215,0.04354553568411934
unet_resnet34_rgb,82-20,2,522,86,0.7818481691509206,0.7460673431428598,0.03578082600806076,0.2566572116098236,0.2785716128602032,-0.021914401250379634,8,7,0.48595201286284184,0.6240999507513956,-0.13814793788855373,0.21435308308524215,0.21675469788591106,-0.0024016148006689164,0.29572957172580316,0.2425965189302106,0.05313305279559258,0.8751730056842192,0.8170972621823545,0.05807574350186473,0.0,0.0,0.0,0.10488823208700393,0.04579045514192969,0.05909777694507424,1.6794735857992672e-05,0.0,1.6794735857992672e-05,0.00031470597589820933,0.0036624051296209694,-0.00334769915372276,0.07683028672172218,0.0,0.07683028672172218
unet_resnet34_rgb,84-40,0,62,600,0.9820216638771574,0.8171597090826348,0.1648619547945226,0.6079534021490048,0.21529042511732532,0.3926629770316795,3,9,0.8366727769757337,0.5318234329954994,0.30484934398023433,0.0,0.14573990213627105,-0.14573990213627105,0.0,0.2753933663838335,-0.2753933663838335,0.9871874294712809,0.9260787294366614,0.061108700034619545,,0.0,,0.0,0.0029058208179120913,-0.0029058208179120913,0.0,0.05381728671617714,-0.05381728671617714,,0.0,,,0.0018552875695732839,
unet_resnet34_rgb,84-41,2,61,282,0.9894468010170565,0.9214043795813986,0.06804242143565786,0.9407827667596828,0.23023846336986548,0.7105443033898173,2,5,0.8899200583432428,0.1369928188397645,0.7529272395034783,0.0,0.005320203742839822,-0.005320203742839822,0.0,0.030379974308971228,-0.030379974308971228,0.9916454751761227,0.9234209043580979,0.0682245708180248,0.0,0.0,0.0,0.0,0.0,0.0,0.0,0.0,0.0,0.0,0.0,0.0,,0.05507841559965404,
unet_resnet34_rgb,85-45,2,173,228,0.9646318699432962,0.9132736048347845,0.051358265108511714,0.9374702845601505,0.8503201386368847,0.08715014592326575,3,2,0.0,0.0,0.0,0.0,0.0,0.0,0.9414940775149474,0.0,0.9414940775149474,0.9361821149152915,0.8062775548190342,0.12990456009625728,,,,0.0,0.0,0.0,0.0,0.0,0.0,0.0,0.0,0.0,0.9347346612502125,0.8943627224547352,0.04037193879547729
unet_resnet34_rgb_unw,82-20,2,522,86,0.8132425698193967,0.7648365185514846,0.04840605126791209,0.2569836498387101,0.284468191766437,-0.027484541927726924,8,7,0.5881806749975838,0.6466105654516946,-0.058429890454110844,0.24012173754481725,0.2278480078097674,0.012273729735049838,0.31063119854512794,0.2624306822592013,0.04820051628592664,0.8950505470829881,0.8392795498291388,0.055770997253849375,0.0,,,0.0,0.0,0.0,3.0462152875889835e-05,0.0,3.0462152875889835e-05,0.0007508417339803459,0.015108537015256789,-0.014357695281276443,0.02110373665230752,0.0,0.02110373665230752
unet_resnet34_rgb_unw,84-40,0,62,600,0.9855096793272631,0.8219486714056067,0.1635610079216564,0.6192506053295995,0.21531616561934394,0.40393443971025556,3,9,0.870533874048884,0.5575546399678181,0.312979234081066,0.0,0.1455906395927921,-0.1455906395927921,0.0,0.2589621549742175,-0.2589621549742175,0.9872179419399144,0.9230240447073488,0.06419389723256563,,0.0,,,0.0,,0.0,0.05032744195681628,-0.05032744195681628,,0.0,,,0.002386569375102869,
unet_resnet34_rgb_unw,84-41,2,61,282,0.9897638167578281,0.8393277117947433,0.1504361049630848,0.9413030610590764,0.21384860984338797,0.7274544512156884,2,5,0.8913313054472439,0.12890498949739718,0.7624263159498468,0.0,0.00023713209652671222,-0.00023713209652671222,0.0,0.011994025856556553,-0.011994025856556553,0.9912748166709088,0.8415383812520458,0.14973643541886295,,,,,,,0.0,0.0,0.0,0.0,0.0,0.0,0.0,0.08656852051441347,-0.08656852051441347
unet_resnet34_rgb_unw,85-45,2,173,228,0.9626745234167478,0.8714576914764227,0.09121683194032504,0.922486882645415,0.8138904024960064,0.10859648014940859,3,2,0.0,0.0,0.0,0.0,0.0,0.0,0.8946490447557086,0.0,0.8946490447557086,0.9334251803900508,0.7613772948805912,0.1720478855094596,,,,,,,0.0,0.0,0.0,0.0,0.0,0.0,0.9393864227904856,0.8664035101114216,0.07298291267906398
