cell,acc_shared,acc_unshared,d_acc,miou_shared,miou_unshared,d_miou,px_shared,px_unshared,n_macro_shared,n_macro_unshared,iou_shared_asfalt,iou_unshared_asfalt,d_asfalt,iou_shared_fliser,iou_unshared_fliser,d_fliser,iou_shared_grus,iou_unshared_grus,d_grus,iou_shared_ubefestet,iou_unshared_ubefestet,d_ubefestet,iou_shared_green_roof,iou_unshared_green_roof,d_green_roof,iou_shared_drivhus,iou_unshared_drivhus,d_drivhus,iou_shared_betonflade,iou_unshared_betonflade,d_betonflade,iou_shared_brosten,iou_unshared_brosten,d_brosten,iou_shared_solceller,iou_unshared_solceller,d_solceller
convnext_upernet_10ch,0.9343592251880416,0.9370466487287449,-0.002687423540703282,0.6215198715892771,0.40303955587556217,0.21848031571371496,576349184,28786315,8,7,0.8229509337302031,0.7666084325503881,0.056342501179814986,0.601107812634044,0.44454030209902523,0.15656751053501877,0.6206510851500004,0.2782333905244719,0.34241769462552857,0.9497268127455499,0.9672205413148699,-0.017493728569319966,0.0,,,0.542341242775604,0.3550617283950617,0.1872795143805423,0.32949084782787463,0.0,0.32949084782787463,0.15246413041194884,0.009612496245118654,0.1428516341668302,0.9534261074389915,0.0,0.9534261074389915
convnext_upernet_10ch_unw,0.9239492963349107,0.9440478922015548,-0.020098595866644087,0.5861405929264343,0.3709038422310726,0.2152367506953617,576349184,28786315,8,7,0.788348644416853,0.8086899753733442,-0.020341330956491155,0.5992570984116321,0.4195460843774754,0.17971101403415668,0.642705866488243,0.3805588268648644,0.2621470396233786,0.923404688542014,0.9658761262605065,-0.04247143771849249,,,,0.30419553878352146,0.02165588274131784,0.2825396560422036,0.2259668995008655,0.0,0.2259668995008655,0.24594798188843078,0.0,0.24594798188843078,0.9592980253799148,0.0,0.9592980253799148
convnext_upernet_6ch,0.9204039924519092,0.9351099645786548,-0.014705972126745626,0.564120764883449,0.39457102057881693,0.16954974430463204,576349184,28786315,8,7,0.7940686419569967,0.7804821860590946,0.013586455897902083,0.44100585905272355,0.39109056743565906,0.04991529161706448,0.496473192244324,0.24023549890093074,0.2562376933433933,0.9595829236372653,0.962151425807035,-0.002568502169769782,,,,0.5509075716901634,0.28865611236757527,0.2622514593225881,0.10878444042097742,0.0008218386974967238,0.1079626017234807,0.21559972098737157,0.09855951478392722,0.11704020620344435,0.9465437690777704,0.0,0.9465437690777704
convnext_upernet_6ch_unw,0.9271186926847458,0.9288121803711242,-0.0016934876863784476,0.5526400813441945,0.3550842140300974,0.19755586731409713,576349184,28786315,8,7,0.7997032607282643,0.7186423173370469,0.08106094339121739,0.5013600611499938,0.3710065929882234,0.13035346816177035,0.5513587389882318,0.30476266364186044,0.2465960753463714,0.9609729703616304,0.9617526488765615,-0.0007796785149311036,,,,0.2794776368863236,0.08653731698607309,0.1929403199002505,0.22692717685762115,0.0,0.22692717685762115,0.15359741309620048,0.04288795838091613,0.11070945471528434,0.9477233926852905,0.0,0.9477233926852905
convnext_upernet_rgb,0.928242124482647,0.9392592278657411,-0.01101710338309414,0.5663518116674326,0.3962111544730673,0.17014065719436533,576349184,28786315,8,7,0.8072627189930415,0.8203694259349469,-0.01310670694190541,0.5318448895221962,0.3916347268745169,0.14021016264767933,0.5569563194827554,0.24024391305483256,0.3167124064279228,0.9572900875721998,0.9547503458575699,0.002539741714629895,0.0,,,0.5933907247986671,0.2997132403836646,0.29367748441500247,0.05796863635414877,0.04381772901662516,0.01415090733752361,0.07914205610058145,0.022948700189315233,0.056193355911266216,0.9469590605158718,,
convnext_upernet_rgb_unw,0.9309292836614825,0.9381161499830736,-0.0071868663215910455,0.5404996655682954,0.3554933238885133,0.18500634167978214,576349184,28786315,8,7,0.8000158378454628,0.7919335117631482,0.008082326082314628,0.5430341604701578,0.4084916024213889,0.13454255804876897,0.594309146632142,0.2858983621796494,0.30841078445249254,0.9603442914818356,0.9588739769019181,0.001470314579917531,0.0,,,0.16660202149261905,0.04325581395348837,0.12334620753913067,0.13365534896719236,0.0,0.13365534896719236,0.1754073744508092,0.0,0.1754073744508092,0.950629143206145,,
segformer_b1_10ch,0.8749425122808884,0.927362637419899,-0.05242012513901062,0.4158144692534564,0.37819588491118655,0.037618584342269834,576349184,28786315,8,7,0.6268833054477907,0.745556094259285,-0.11867278881149435,0.2753192956702563,0.3441319601826086,-0.0688126645123523,0.3848657753715421,0.1712274481176348,0.2136383272539073,0.9400365089461283,0.9590070882955687,-0.018970579349440353,0.0,,,0.1336613153806318,0.4256979885920144,-0.2920366732113826,0.027009254541158653,0.0017506149311941853,0.025258639609964467,0.001890359168241966,0.0,0.001890359168241966,0.9368499395019012,,
segformer_b1_10ch_unw,0.8582002017721257,0.9116427371825814,-0.05344253541045563,0.387722334273337,0.29043060752574096,0.09729172674759606,576349184,28786315,8,7,0.5924968994862062,0.6833727625314855,-0.09087586304527928,0.26199575505302447,0.2229078323981049,0.03908792265491956,0.3626163512023737,0.1726666734169696,0.1899496777854041,0.9019417095930683,0.9540669843336268,-0.0521252747405585,,,,0.0,0.0,0.0,0.038122791373559235,0.0,0.038122791373559235,0.008181028318352723,0.0,0.008181028318352723,0.9364241391601111,0.0,0.9364241391601111
segformer_b1_6ch,0.868952393623932,0.9287747667598302,-0.05982237313589822,0.4229293553147456,0.33161158494338855,0.09131777037135708,576349184,28786315,8,7,0.6003584977487626,0.7447154669298863,-0.14435696918112373,0.25870778296411767,0.30785109688405315,-0.04914331391993548,0.3812835684133429,0.18639019446593522,0.19489337394740766,0.9398832579421161,0.962553112818182,-0.022669854876065876,0.0,,,0.16841670964414646,0.11977122350566334,0.048645486138483116,0.1033014073792999,0.0,0.1033014073792999,4.183330265557805e-05,0.0,4.183330265557805e-05,0.9314417851235236,,
segformer_b1_6ch_unw,0.855216668442442,0.9033232284160025,-0.0481065599735605,0.37445751584708864,0.27403840676914226,0.10041910907794638,576349184,28786315,8,7,0.5634658686671156,0.6259998199668109,-0.0625339512996953,0.25297255620067144,0.23314385570432328,0.01982870049634816,0.3160075280652195,0.10608823830563288,0.2099192897595866,0.9285574842589122,0.953036933407229,-0.02447944914831679,,,,0.0,0.0,0.0,0.0,0.0,0.0,0.0,0.0,0.0,0.9346566895847905,,
segformer_b1_rgb,0.8573335292516003,0.9137868115456945,-0.05645328229409419,0.40544914956837025,0.36966055853709817,0.03578859103127208,576349184,28786315,8,7,0.5705681526783251,0.6768031175488891,-0.10623496487056405,0.2745073313800572,0.25838584020186717,0.016121491178190006,0.34707405161363103,0.19827883452175094,0.1487952170918801,0.9365964327970191,0.9606913158361827,-0.024094883039163628,0.0,,,0.1821534357284372,0.4934648016509975,-0.31131136592256026,0.00029673815264014526,0.0,0.00029673815264014526,0.0,0.0,0.0,0.9323970541968523,,
segformer_b1_rgb_unw,0.8690539570539237,0.9205042743400814,-0.051450317286157676,0.3969149283472943,0.31067245045075725,0.08624247789653705,576349184,28786315,8,7,0.601083773721119,0.7021959743226359,-0.10111220060151693,0.2977881300131728,0.3149675480430904,-0.017179418029917626,0.3824912738705884,0.19581301061563136,0.18667826325495704,0.942201224376597,0.9617306201739428,-0.019529395797345805,,,,0.0,0.0,0.0,0.01591541204303994,0.0,0.01591541204303994,0.0,0.0,0.0,0.9358396127538375,,
swin_upernet_10ch,0.9060999399280836,0.9279388139815742,-0.02183887405349061,0.4656513286395062,0.36001584064392617,0.10563548799558004,576349184,28786315,8,7,0.7326433219655585,0.7458513106047251,-0.013207988639166612,0.37835693728001574,0.3080029777852902,0.07035395949472556,0.49251930357838986,0.2094208937448298,0.28309840983356005,0.9473877371275619,0.9644622723583948,-0.01707453523083291,,,,0.22255536470155204,0.29237343001424315,-0.06981806531269111,0.00871240556926665,0.0,0.00871240556926665,0.001057582869171963,0.0,0.001057582869171963,0.941977976024533,,
swin_upernet_10ch_unw,0.8991709980455181,0.9267870514166193,-0.02761605337110118,0.43612610242103333,0.3153339914041796,0.12079211101685372,576349184,28786315,8,7,0.7243539744655051,0.7445090675938782,-0.020155093128373158,0.3751578898805036,0.2733593392732606,0.10179855060724297,0.4532848301013946,0.22542341697967722,0.22786141312171737,0.9337553579024769,0.9640461159824413,-0.030290758079964397,0.0,,,0.013732317486583698,0.0,0.013732317486583698,0.041729524551073045,0.0,0.041729524551073045,0.0012926418846565702,0.0,0.0012926418846565702,0.9457022830960735,0.0,0.9457022830960735
swin_upernet_6ch,0.8999660577293366,0.93412935973222,-0.03416330200288342,0.44760128717374653,0.32208874359643225,0.12551254357731428,576349184,28786315,8,7,0.7354440342872068,0.7779884882976296,-0.04254445401042273,0.3386135217040863,0.3246804316450429,0.013933090059043418,0.4207905341428695,0.15695866137276296,0.26383187277010656,0.9356331159856702,0.9560325848985515,-0.020399468912881247,,,,0.16526675036692542,0.03896103896103896,0.12630571140588648,0.04829217289313976,0.0,0.04829217289313976,0.0,0.0,0.0,0.936770168010074,,
swin_upernet_6ch_unw,0.8927214842729785,0.9230058102261439,-0.030284325953165436,0.42297309245860704,0.2979176722356524,0.12505542022295463,576349184,28786315,8,7,0.7117674558407456,0.7363572085255542,-0.024589752684808563,0.30455666604553533,0.24683508533966317,0.05772158070587216,0.40259306463838634,0.14525164874939478,0.25734141588899156,0.9433726442563407,0.9569797630349548,-0.013607118778614091,,,,0.0136138469607786,0.0,0.0136138469607786,0.06411497732966315,0.0,0.06411497732966315,0.0,0.0,0.0,0.9437660845974067,,
swin_upernet_rgb,0.8994213549541522,0.9344806030226516,-0.03505924806849936,0.4488677852467333,0.37650516440087006,0.07236262084586326,576349184,28786315,8,7,0.7360499560460025,0.8057614706619012,-0.06971151461589864,0.39636375496708864,0.3199720002761521,0.07639175469093656,0.4526943493217902,0.19475662980919453,0.2579377195125957,0.9276959618888233,0.9505454831785004,-0.0228495212896771,0.0,,,0.12770426575367816,0.32796408766833907,-0.2002598219146609,0.013931037224526576,0.0,0.013931037224526576,0.0005300365678737397,0.03653647921200321,-0.03600644264412947,0.9359729202040836,,
swin_upernet_rgb_unw,0.9011252404236942,0.9394404598157146,-0.03831521939202032,0.4348302043753184,0.3467050379996219,0.0881251663756965,576349184,28786315,8,7,0.7183305719700043,0.8050603688724011,-0.0867297969023968,0.3916220382716323,0.33235874820899075,0.05926329006264153,0.462232314634965,0.28389311266561096,0.17833920196935404,0.9415013474941845,0.9634356218474558,-0.021934274353271332,0.0,,,0.01718483840689711,0.010217622080679405,0.006967216326217706,0.005200569271777759,0.0,0.005200569271777759,0.0,0.03196979232221523,-0.03196979232221523,0.942569954953086,0.0,0.942569954953086
unet_resnet34_10ch,0.8439517353424413,0.8987534528125604,-0.05480171747011908,0.3505964247324309,0.30350371514893737,0.04709270958349354,576349184,28786315,8,7,0.5678729975592718,0.640200633720311,-0.07232763616103921,0.12690939422605169,0.06665046187467091,0.06025893235138077,0.302584262803238,0.1684500718327409,0.1341341909704971,0.8942948203827448,0.9361536576907256,-0.04185883730798079,0.0,,,0.03992198920828413,0.3109252166901834,-0.2710032274818993,9.021262961260674e-05,0.0021459642339294346,-0.0020557516043168277,0.00033501199559080985,0.0,0.00033501199559080985,0.8727627090546533,0.0,0.8727627090546533
unet_resnet34_10ch_unw,0.8469999742378398,0.8998605413718289,-0.05286056713398912,0.35198821014006704,0.2628003961245287,0.08918781401553832,576349184,28786315,8,7,0.5812955846390254,0.6489480663618208,-0.06765248172279537,0.17168218702508856,0.12581916518949338,0.04586302183559518,0.2659695488026019,0.11896129552944217,0.1470082532731597,0.9013081687281909,0.9424908735871542,-0.04118270485896336,0.0,,,0.0,0.0,0.0,0.0004146439435687886,0.003383372203790691,-0.002968728260221902,0.00037163783892596664,0.0,0.00037163783892596664,0.8948639101431348,0.0,0.8948639101431348
unet_resnet34_6ch,0.8465517667844915,0.8979901387169563,-0.05143837193246481,0.3766123911655186,0.26898420743334467,0.10762818373217392,576349184,28786315,8,7,0.5603007366413385,0.6267152067248378,-0.06641447008349932,0.14863286150584293,0.08023695776342941,0.06839590374241351,0.29820227849094716,0.18507590606886995,0.11312637242207721,0.9337077010126217,0.9559118379177498,-0.022204136905128125,0.0,0.0,0.0,0.14012474557319193,0.0344375204985241,0.10568722507466782,0.00012639806031352306,0.0005120230600015171,-0.00038562499968799405,0.0018631779334926486,0.0,0.0018631779334926486,0.9299412301064003,0.0,0.9299412301064003
unet_resnet34_6ch_unw,0.8679532180963407,0.9168980121283326,-0.04894479403199181,0.3790662273998194,0.2955035844083632,0.08356264299145616,576349184,28786315,8,7,0.6290050997239665,0.7108181108468276,-0.0818130111228611,0.19787030896536345,0.1822587882855523,0.015611520679811142,0.32634643137899827,0.21959177012422934,0.10675466125476893,0.9390944136112944,0.9558564216019335,-0.016762007990639094,0.0,,,0.0,0.0,0.0,0.00031452070839979454,0.0,0.00031452070839979454,0.002119647937307931,0.0,0.002119647937307931,0.9377793968732249,0.0,0.9377793968732249
unet_resnet34_rgb,0.8545422161992685,0.918944852788556,-0.06440263658928747,0.3953373750205963,0.3083642892528302,0.08697308576776608,576349184,28786315,8,7,0.5906698152408558,0.7274433516998293,-0.1367735364589735,0.23491207876914588,0.2386163360665644,-0.003704257297418523,0.32810680582388246,0.23506990876648812,0.09303689705739435,0.9248196466770003,0.9471424274582542,-0.022322780781253826,0.0,,,0.1471904668520078,0.00038200744914525833,0.14680845940286252,1.2114281283919987e-05,0.0,1.2114281283919987e-05,0.00026421262808369963,0.009895993329529996,-0.009631780701446296,0.936723859892511,0.0,0.936723859892511
unet_resnet34_rgb_unw,0.8714707350049792,0.9279460396372373,-0.05647530463225814,0.3913581855051738,0.32338397294104293,0.06797421256413089,576349184,28786315,8,7,0.6511349482090492,0.771675097537057,-0.12054014932800783,0.2676764881929753,0.2947039820863166,-0.027027493893341303,0.33910129606259776,0.22397849408099374,0.11512280198160402,0.9356364532992272,0.9505840934576832,-0.014947640158456066,0.0,,,0.0,0.0,0.0,2.2387460551750546e-05,0.0,2.2387460551750546e-05,6.66623029503046e-05,0.022746143425250186,-0.02267948112229988,0.9372272485140388,,
