cell,model,channels,n_in,loss,macro_iou,macro_f1,overall_acc,n_classes,excluded,tiles,eval_px,asfalt,fliser,grus,ubefestet,green_roof,drivhus,betonflade,brosten,solceller
convnext_upernet_rgb,ConvNeXt+UPerNet,rgb,3,weighted CE,0.35864188131114566,0.45925813657161263,0.9336311235306625,9,-,19314,12194633781,0.5754756822938513,0.24247727353681545,0.215909024393146,0.9581740302860081,0.008268167687035132,0.2414465089007885,0.15258688082637284,0.08094663730472003,0.752492726571574
convnext_upernet_10ch,ConvNeXt+UPerNet,10ch,10,weighted CE,0.3446638436049828,0.43476343512911486,0.9374200568295032,9,-,19314,12194633781,0.5847095644868506,0.23945572920376376,0.2519705258840174,0.9664220159837353,0.0024170433641821265,0.19742969481559047,0.10041007847156849,0.0174673630337304,0.7416925772014069
convnext_upernet_6ch,ConvNeXt+UPerNet,6ch,6,weighted CE,0.3374343528628417,0.4257676871295344,0.9275252146253854,9,-,19314,12194633781,0.528788615551776,0.20319029885719178,0.20184735996635159,0.9558735169739846,0.0,0.19828028556303656,0.1363251943063053,0.015909946857352336,0.7966939576895766
convnext_upernet_rgb_unw,ConvNeXt+UPerNet,rgb,3,unweighted CE,0.33357983040412104,0.42863644520879624,0.9304994793430771,9,-,19314,12194633781,0.5662414559799555,0.25019797211251155,0.20345248353071507,0.9533407707054588,0.012375595977595275,0.10495566302897598,0.12022592991104472,0.09148263085384305,0.6999459715369895
convnext_upernet_10ch_unw,ConvNeXt+UPerNet,10ch,10,unweighted CE,0.33066596576859575,0.4172046488264539,0.935849365216784,9,-,19314,12194633781,0.5709083693793778,0.22326727023452697,0.2694344855937085,0.9612472576637136,0.0006681000364735198,0.11694460676345875,0.08639151638110451,0.02582411355326336,0.721307972311735
convnext_upernet_6ch_unw,ConvNeXt+UPerNet,6ch,6,unweighted CE,0.32076970125630416,0.40207807076850555,0.9273314288961508,9,-,19314,12194633781,0.5345064153162623,0.20715772104313615,0.21005114738245192,0.9556391474765781,0.0030658389392953633,0.11328542200621912,0.08533596153266608,0.009210403291416088,0.7686752543187124
swin_upernet_rgb_unw,Swin+UPerNet,rgb,3,unweighted CE,0.3183258275593475,0.40252083462072397,0.9268666412607213,9,-,19314,12194633781,0.5401231524261352,0.2046897965652536,0.20696852308319041,0.9537667882024125,0.008515120695738808,0.036466111084348954,0.08700000688244706,0.09083455911916369,0.7365683899754376
swin_upernet_10ch,Swin+UPerNet,10ch,10,weighted CE,0.31342432249001617,0.39800232221170184,0.9298906654882841,9,-,19314,12194633781,0.5519892703729311,0.17608343964631798,0.2510254175566502,0.9593881005774948,0.0,0.12879192676940993,0.06733314988484733,0.017857694189925853,0.6683499034125684
swin_upernet_10ch_unw,Swin+UPerNet,10ch,10,unweighted CE,0.3012739439981095,0.37325478057043227,0.9268054952670497,9,-,19314,12194633781,0.5311185871484531,0.1810978087649227,0.2147592264022353,0.9559357334709743,0.0,0.020103359173126615,0.05228923182048919,0.021407532452904436,0.73475401674988
swin_upernet_rgb,Swin+UPerNet,rgb,3,weighted CE,0.29817191814481103,0.3897239180485555,0.9174672670721673,9,-,19314,12194633781,0.49467308499569596,0.20244376717269336,0.2183341981438819,0.9434721814107448,0.020314120142533067,0.11304608600524597,0.030183223853428552,0.07440270645910876,0.586677895119967
segformer_b1_rgb,SegFormer-B1,rgb,3,weighted CE,0.2975586407422794,0.38920603540389576,0.921323789772609,9,-,19314,12194633781,0.4852347695774886,0.18755653149566875,0.2429371368774038,0.9581432212315895,0.0065068262232017065,0.09383198954368674,0.0580190104297752,0.0789196164058176,0.5668786648958822
swin_upernet_6ch_unw,Swin+UPerNet,6ch,6,unweighted CE,0.29702765884888394,0.37163929670846396,0.9271945561511405,9,-,19314,12194633781,0.5398567418401244,0.15703003144351443,0.17987430297798515,0.9555974884616091,0.0010714136533882847,0.01264840481982357,0.10204950703661432,0.02934824699172673,0.6957727924151692
swin_upernet_6ch,Swin+UPerNet,6ch,6,weighted CE,0.2955746394481357,0.3692138654631217,0.9235185398963642,9,-,19314,12194633781,0.514524040623071,0.15955070760424084,0.17397806713796585,0.9510196458827521,0.0034779730232786235,0.08801694010149697,0.032791569398677715,0.01246634937966876,0.7243464618820693
segformer_b1_10ch,SegFormer-B1,10ch,10,weighted CE,0.2923835816057869,0.3668693622250563,0.9268512248076013,9,-,19314,12194633781,0.53298768475769,0.15730381727195936,0.233124498743413,0.959549641052481,0.0,0.08954051453963874,0.011588641541390686,0.0031464123617924045,0.6442110241837175
segformer_b1_rgb_unw,SegFormer-B1,rgb,3,unweighted CE,0.27510195253790126,0.3515769833778308,0.915130403209605,9,-,19314,12194633781,0.45185114123135933,0.20519183536730828,0.2453027452571398,0.949106122149489,0.0,0.0026761388467868665,0.006959663619917781,0.0470841838431337,0.5677457425259762
unet_resnet34_rgb,resnet34+UNet,rgb,3,weighted CE,0.2694505591767507,0.3454182485663936,0.897261824381145,9,-,19314,12194633781,0.49898583342299707,0.15688927386006532,0.13614883184086454,0.9289722539853827,0.000623868365045583,0.08493003138700259,0.030085948514607913,0.009993117622354135,0.5784258735924365
segformer_b1_6ch,SegFormer-B1,6ch,6,weighted CE,0.268705916556842,0.346996770906184,0.914946827873092,9,-,19314,12194633781,0.42431527295496396,0.15948782870291753,0.19221357470089298,0.944501272877901,0.0,0.061846063219959106,0.020598962407222594,0.03422308623455578,0.5811671879131654
unet_resnet34_rgb_unw,resnet34+UNet,rgb,3,unweighted CE,0.2593475516900786,0.3273566855302998,0.9019201298309165,9,-,19314,12194633781,0.5001073968450815,0.15263190851407576,0.14753318819303457,0.933220091012861,0.0017610871224163177,0.0,0.025504988014934334,0.008471894166117815,0.5648974113421862
segformer_b1_6ch_unw,SegFormer-B1,6ch,6,unweighted CE,0.2563891020302333,0.32494427991164915,0.9177902863666161,9,-,19314,12194633781,0.4695101402642723,0.17432158038149595,0.1490791455922721,0.9464009130943639,0.0,0.000407801218517558,0.011673591137163578,0.01589899059393145,0.5402097559900827
unet_resnet34_10ch,resnet34+UNet,10ch,10,weighted CE,0.2523049836230148,0.31408465528702645,0.9095372486118614,9,-,19314,12194633781,0.5119837585529804,0.08144427514978841,0.12354783381269699,0.9377774192055736,7.610402728675306e-05,0.04230940018377423,0.0002220399870459754,0.0003839075710762495,0.5730001141169101
segformer_b1_10ch_unw,SegFormer-B1,10ch,10,unweighted CE,0.2513163313988154,0.3229006517659301,0.9237697392398635,9,-,19314,12194633781,0.5161950941446605,0.15415965522746472,0.2670356499468015,0.9598291666113423,0.0,0.0003948251582590843,0.008358553237376496,0.01704581065721249,0.33882822760622155
unet_resnet34_6ch,resnet34+UNet,6ch,6,weighted CE,0.24769933999388602,0.3134093423160293,0.8977464573029805,9,-,19314,12194633781,0.4143335057249585,0.09741145802410764,0.11771831387214647,0.937492765878692,0.0,0.07388612628627034,5.52833987691588e-05,0.0002365086777015792,0.5881600980823284
unet_resnet34_6ch_unw,resnet34+UNet,6ch,6,unweighted CE,0.24313710530305846,0.3041150558778402,0.9027292146445476,9,-,19314,12194633781,0.4397330270832366,0.1153923166617278,0.11326871005701065,0.941866180418328,0.0,0.0,0.0008180950466317979,0.010421030665738512,0.5667345877948529
unet_resnet34_10ch_unw,resnet34+UNet,10ch,10,unweighted CE,0.24228081151135417,0.3010378712325948,0.9117801270361905,9,-,19314,12194633781,0.4975317876328007,0.09359250453995542,0.11616877298446292,0.9458292003234244,1.7044590694607978e-05,0.0,0.0004493694294830156,0.0019942060399726303,0.5249444180613938
